Dollar Price Index,"All Employees, Total Nonfarm",Consumer Price Index - All Items,Consumer Price Index - Urban Consumers,Federal Funds Effective Rate - Interest Rate,Labor force participation rate - Male,Personal Consumption Expenditures,Personal Income,Personal interest payments,Personal Saving Rate,Population,Producer Price Index - Total Manufacturing Industries,Producer Price Index by Commodity - All Commodities,Unemployment Rate,University of Michigan - Inflation Expectation,Working Age Population,DATE
152.720001,96372,44.5115751190843,105.7,8.35,94.0,2618.8,3433.9,84.1,10.3,237535.0,0.0,103.4,7.3,2.9,150513276.204577,1985-01-01 00:00:00+00:00
160.410004,96503,44.7225304514022,106.3,8.5,93.9,2640.8,3452.3,86.5,9.1,237667.0,0.0,103.3,7.2,3.1,150630024.063621,1985-02-01 00:00:00+00:00
149.179993,96842,44.8912947172566,106.8,8.58,93.9,2648.5,3480.0,87.9,8.7,237816.0,0.0,103.1,7.2,3.0,150785212.16382,1985-03-01 00:00:00+00:00
149.699997,97038,45.1022500495745,107.0,8.27,94.1,2659.5,3478.1,88.9,9.9,237987.0,0.0,103.3,7.3,3.3,150942952.97861698,1985-04-01 00:00:00+00:00
147.860001,97312,45.2710143154288,107.2,7.97,93.8,2696.4,3493.4,89.4,11.1,238172.0,0.0,103.5,7.2,3.2,151018190.729634,1985-05-01 00:00:00+00:00
146.119995,97459,45.3975875148196,107.5,7.53,93.8,2689.4,3514.9,90.3,9.6,238368.0,0.0,103.3,7.4,3.4,151216385.40683,1985-06-01 00:00:00+00:00
137.259995,97648,45.4819696477468,107.7,7.88,93.9,2715.7,3528.4,90.8,9.1,238573.0,0.0,103.2,7.4,2.8,151227618.947234,1985-07-01 00:00:00+00:00
138.199997,97840,45.566351780674,107.9,7.9,93.9,2752.1,3539.5,91.9,8.2,238789.0,0.0,102.7,7.1,2.8,151336316.845964,1985-08-01 00:00:00+00:00
132.119995,98045,45.6929249800647,108.1,7.92,94.1,2794.7,3561.4,92.8,7.3,239006.0,0.0,102.1,7.1,2.9,151469816.755085,1985-09-01 00:00:00+00:00
129.389999,98233,45.8616892459191,108.5,7.99,94.0,2755.8,3584.0,94.0,9.1,239210.0,0.0,102.9,7.1,3.3,151607156.948128,1985-10-01 00:00:00+00:00
124.989998,98443,45.9882624453098,109.0,8.05,93.9,2771.1,3599.5,94.7,9.0,239392.0,0.0,103.4,7.0,3.1,151784860.75809002,1985-11-01 00:00:00+00:00
123.459999,98609,46.1148356447006,109.5,8.27,93.8,2811.3,3633.1,95.4,8.6,239558.0,0.0,103.6,7.0,3.5,151945671.859954,1985-12-01 00:00:00+00:00
121.519997,98732,46.2414088440913,109.9,8.14,94.0,2827.1,3647.0,95.8,8.6,239713.0,101.3,103.2,6.7,2.9,152392528.935688,1986-01-01 00:00:00+00:00
115.080002,98847,46.1148356447006,109.7,7.86,93.8,2820.2,3664.7,96.3,9.3,239858.0,99.9,101.7,7.2,2.8,152477025.650726,1986-02-01 00:00:00+00:00
117.919998,98934,45.9038803123827,109.1,7.48,93.8,2823.6,3691.2,96.7,9.9,240011.0,98.3,100.3,7.2,2.3,152678397.71661702,1986-03-01 00:00:00+00:00
111.769997,99121,45.8194981794555,108.7,6.99,93.7,2835.2,3696.1,97.1,9.7,240183.0,97.9,99.6,7.1,2.4,152719328.73165798,1986-04-01 00:00:00+00:00
117.510002,99248,45.9460713788462,109.0,6.85,93.7,2857.5,3707.3,97.3,9.3,240365.0,98.2,100.0,7.2,2.7,152905038.299651,1986-05-01 00:00:00+00:00
111.610001,99155,46.1992177776278,109.4,6.92,93.9,2861.7,3722.9,97.5,9.4,240555.0,98.2,99.9,7.2,2.9,152989078.13787502,1986-06-01 00:00:00+00:00
108.040001,99473,46.1992177776278,109.5,6.56,93.8,2881.2,3742.4,97.4,9.3,240753.0,97.5,99.4,7.0,2.8,153083750.071677,1986-07-01 00:00:00+00:00
106.43,99588,46.2835999105549,109.6,6.17,93.8,2898.6,3756.0,97.5,9.0,240961.0,97.4,99.3,6.9,3.0,153259566.493706,1986-08-01 00:00:00+00:00
106.739998,99934,46.4945552428729,110.0,5.89,93.9,2971.8,3773.0,97.7,7.2,241171.0,97.6,99.4,7.0,2.9,153424202.91529,1986-09-01 00:00:00+00:00
109.269997,100121,46.5367463093364,110.2,5.85,93.7,2932.9,3782.2,98.2,8.4,241371.0,98.2,99.7,7.0,3.2,153544007.533395,1986-10-01 00:00:00+00:00
105.919998,100308,46.5789373758,110.4,6.04,93.9,2928.4,3796.8,98.1,8.8,241544.0,98.3,99.8,6.9,2.8,153736165.159825,1986-11-01 00:00:00+00:00
103.580002,100509,46.6211284422636,110.8,6.91,93.9,2997.1,3817.4,97.9,7.0,241702.0,98.3,99.7,6.6,3.0,153833840.162056,1986-12-01 00:00:00+00:00
99.860001,100678,46.9164659075087,111.4,6.43,94.0,2935.5,3831.4,96.9,9.7,241857.0,99.1,100.5,6.6,2.9,153905663.857603,1987-01-01 00:00:00+00:00
99.260002,100919,47.0852301733631,111.8,6.1,93.8,3001.7,3858.1,96.6,8.5,242005.0,99.5,101.0,6.6,3.1,154104339.113845,1987-02-01 00:00:00+00:00
97.110001,101164,47.296185505681,112.2,6.13,93.8,3013.3,3878.4,96.4,8.5,242166.0,99.5,101.2,6.6,3.0,154176195.720593,1987-03-01 00:00:00+00:00
95.940002,101499,47.5493319044625,112.7,6.37,93.7,3038.8,3891.1,96.4,4.5,242338.0,100.2,101.9,6.3,3.0,154371768.355196,1987-04-01 00:00:00+00:00
97.769997,101728,47.7180961703169,113.0,6.85,93.8,3048.4,3925.0,96.4,8.2,242516.0,100.6,102.6,6.3,3.4,154519435.091549,1987-05-01 00:00:00+00:00
98.129997,101900,47.8868604361712,113.5,6.73,93.6,3072.8,3936.5,96.6,7.7,242706.0,100.9,103.0,6.2,3.3,154600038.090083,1987-06-01 00:00:00+00:00
99.790001,102247,48.013433635562,113.8,6.58,93.7,3094.7,3958.9,97.1,7.5,242908.0,101.3,103.5,6.1,3.1,154687194.282564,1987-07-01 00:00:00+00:00
97.32,102420,48.2665800343435,114.3,6.73,93.6,3130.8,3995.2,97.4,7.2,243118.0,101.6,103.8,6.0,3.2,154796414.316925,1987-08-01 00:00:00+00:00
98.57,102647,48.519726433125,114.7,7.22,93.6,3126.5,4011.5,97.7,7.6,243335.0,101.3,103.7,5.9,3.0,154927691.05657998,1987-09-01 00:00:00+00:00
93.650002,103138,48.6462996325158,115.0,7.29,93.7,3134.5,4049.8,97.8,8.3,243543.0,102.0,104.1,6.0,3.3,155013873.944255,1987-10-01 00:00:00+00:00
89.150002,103372,48.6884906989794,115.4,6.69,93.6,3144.2,4075.8,98.1,8.5,243724.0,102.2,104.2,5.8,3.2,155189049.16561598,1987-11-01 00:00:00+00:00
85.419998,103661,48.6884906989794,115.6,6.77,93.5,3174.1,4127.4,98.3,8.7,243895.0,102.1,104.2,5.7,3.1,155280483.868713,1987-12-01 00:00:00+00:00
90.339996,103753,48.8150638983702,116.0,6.83,93.6,3213.7,4137.6,98.5,8.1,244056.0,102.4,104.6,5.7,3.2,155413379.987402,1988-01-01 00:00:00+00:00
90.529999,104214,48.9416370977609,116.2,6.58,93.7,3221.4,4160.3,98.7,8.6,244205.0,102.6,104.8,5.7,3.1,155553069.48886898,1988-02-01 00:00:00+00:00
88.300003,104489,49.1525924300788,116.5,6.58,93.6,3260.5,4183.9,99.1,8.2,244362.0,102.8,104.9,5.7,3.2,155614265.022534,1988-03-01 00:00:00+00:00
89.160004,104732,49.4057388288604,117.2,6.87,93.8,3263.0,4213.8,99.7,8.8,244528.0,103.4,105.8,5.4,3.3,155673115.971052,1988-04-01 00:00:00+00:00
91.089996,104962,49.5745030947147,117.5,7.09,93.6,3293.6,4229.2,100.2,8.4,244708.0,103.9,106.5,5.6,3.3,155815839.877172,1988-05-01 00:00:00+00:00
95.410004,105326,49.7854584270326,118.0,7.51,93.3,3318.5,4261.4,100.9,8.4,244914.0,104.3,107.2,5.4,3.7,155985972.76117998,1988-06-01 00:00:00+00:00
97.529999,105550,49.9964137593506,118.5,7.75,93.6,3342.7,4300.8,101.5,8.6,245131.0,104.9,107.9,5.4,4.6,156085367.60733598,1988-07-01 00:00:00+00:00
98.419998,105674,50.2073690916685,119.0,8.01,93.6,3368.0,4324.5,102.1,8.4,245352.0,105.1,108.0,5.6,4.4,156149680.084703,1988-08-01 00:00:00+00:00
97.690002,106013,50.5448976233772,119.5,8.19,93.5,3375.0,4353.7,102.7,8.9,245579.0,105.1,108.1,5.4,3.9,156273873.716662,1988-09-01 00:00:00+00:00
93.760002,106276,50.7136618892316,119.9,8.3,93.4,3413.7,4392.0,103.0,8.6,245789.0,105.6,108.2,5.4,3.9,156357727.499444,1988-10-01 00:00:00+00:00
90.529999,106617,50.7558529556952,120.3,8.35,93.7,3430.2,4403.6,104.0,8.4,245970.0,106.1,108.3,5.3,3.7,156452916.22326,1988-11-01 00:00:00+00:00
92.5,106898,50.8402350886223,120.7,8.76,93.4,3459.7,4440.2,105.4,8.3,246140.0,106.4,109.0,5.3,3.9,156550314.92284998,1988-12-01 00:00:00+00:00
96.769997,107161,51.0933814874039,121.2,9.12,93.8,3483.7,4504.1,107.6,8.5,246301.0,107.5,110.5,5.4,3.5,156746834.14383,1989-01-01 00:00:00+00:00
94.900002,107427,51.3043368197218,121.6,9.36,93.7,3488.0,4533.2,109.2,9.0,246454.0,107.9,110.8,5.2,4.1,156881891.795706,1989-02-01 00:00:00+00:00
98.139999,107621,51.5996742849669,122.2,9.85,93.7,3498.8,4574.4,110.5,9.5,246626.0,108.5,111.5,5.0,3.7,156975526.592671,1989-03-01 00:00:00+00:00
97.709999,107791,51.9372028166756,123.1,9.84,93.7,3543.0,4587.1,111.6,8.4,246814.0,109.4,112.3,5.2,4.3,156913519.344852,1989-04-01 00:00:00+00:00
102.980003,107913,52.2325402819207,123.7,9.81,93.5,3551.8,4584.3,112.5,8.1,247010.0,110.1,113.2,5.2,4.6,156986173.375142,1989-05-01 00:00:00+00:00
102.019997,108027,52.3591134813115,124.1,9.53,93.5,3566.6,4607.3,113.2,8.2,247228.0,110.1,112.9,5.3,3.8,157079634.901065,1989-06-01 00:00:00+00:00
97.389999,108069,52.4856866807022,124.5,9.24,93.6,3585.7,4633.7,113.7,8.2,247458.0,109.9,112.8,5.2,4.1,157144559.156883,1989-07-01 00:00:00+00:00
102.279999,108120,52.5700688136294,124.5,8.99,93.5,3620.6,4644.3,114.2,7.6,247695.0,109.6,112.0,5.2,3.5,157269345.025615,1989-08-01 00:00:00+00:00
98.470001,108369,52.7388330794837,124.8,9.02,93.6,3621.9,4667.5,114.9,8.1,247942.0,109.9,112.4,5.3,3.4,157506049.603748,1989-09-01 00:00:00+00:00
98.07,108476,52.9919794782653,125.4,8.84,93.7,3633.6,4708.1,115.9,8.5,248174.0,110.8,112.8,5.3,3.6,157552098.392866,1989-10-01 00:00:00+00:00
96.269997,108752,53.118552677656,125.9,8.55,93.9,3643.3,4722.8,116.5,8.6,248380.0,110.8,112.7,5.4,3.5,157677886.311433,1989-11-01 00:00:00+00:00
93.209999,108836,53.2029348105832,126.3,8.45,93.8,3684.2,4740.1,117.0,7.8,248569.0,111.0,113.0,5.4,3.5,157819976.46821102,1989-12-01 00:00:00+00:00
92.410004,109188,53.7514186746098,127.5,8.23,93.9,3730.7,4787.7,117.0,8.0,248743.0,112.7,114.9,5.4,4.1,159331176.01311,1990-01-01 00:00:00+00:00
93.290001,109432,54.0045650733914,128.0,8.24,94.0,3728.2,4823.2,117.3,8.6,248920.0,112.2,114.4,5.3,4.1,159506956.335781,1990-02-01 00:00:00+00:00
93.690002,109636,54.2999025386365,128.6,8.28,93.6,3754.9,4845.6,117.3,8.3,249146.0,112.3,114.2,5.2,3.7,159569679.413367,1990-03-01 00:00:00+00:00
93.07,109670,54.3842846715636,128.9,8.26,93.5,3770.0,4886.1,117.3,8.8,249436.0,112.6,114.1,5.4,3.6,159631969.059369,1990-04-01 00:00:00+00:00
92.980003,109833,54.5108578709544,129.1,8.18,93.3,3775.8,4891.2,117.4,8.7,249707.0,113.1,114.6,5.4,3.4,159656342.213487,1990-05-01 00:00:00+00:00
91.150002,109857,54.8061953361995,129.9,8.29,93.3,3804.5,4920.3,117.8,8.6,249990.0,113.1,114.3,5.2,3.8,159777929.128736,1990-06-01 00:00:00+00:00
87.169998,109823,55.0171506685174,130.5,8.15,93.2,3821.7,4948.5,118.7,8.7,250285.0,113.2,114.5,5.5,3.4,159814186.383735,1990-07-01 00:00:00+00:00
86.559998,109609,55.5234434660805,131.6,8.13,93.3,3848.3,4949.5,119.2,8.1,250595.0,114.6,116.5,5.7,4.6,159970802.94454902,1990-08-01 00:00:00+00:00
86.0,109521,55.9875451971799,132.5,8.2,93.1,3870.1,4977.5,119.7,8.1,250904.0,116.2,118.4,5.9,4.7,160244961.77733898,1990-09-01 00:00:00+00:00
83.279999,109373,56.3250737288886,133.4,8.11,93.2,3870.6,4964.6,119.7,7.8,251201.0,118.1,120.8,5.9,4.8,160333951.199189,1990-10-01 00:00:00+00:00
82.93,109220,56.4516469282794,133.7,7.81,93.4,3871.9,4970.7,119.9,7.9,251486.0,118.2,120.1,6.2,4.7,160562875.95683,1990-11-01 00:00:00+00:00
83.07,109172,56.4516469282794,134.2,7.31,93.1,3861.3,5000.4,119.9,8.8,251758.0,117.2,118.7,6.3,4.7,160712313.917181,1990-12-01 00:00:00+00:00
82.0,109050,56.7891754599881,134.7,6.91,93.2,3841.0,4985.8,120.0,9.3,252012.0,116.9,119.0,6.4,3.9,160507334.619642,1991-01-01 00:00:00+00:00
84.080002,108731,56.8735575929153,134.8,6.25,93.4,3866.7,4991.7,120.0,8.8,252253.0,116.2,117.2,6.6,3.4,160612691.580497,1991-02-01 00:00:00+00:00
92.019997,108568,56.9579397258424,134.8,6.12,93.3,3913.0,4999.9,120.1,8.0,252507.0,115.3,116.2,6.8,3.3,160829926.84979,1991-03-01 00:00:00+00:00
91.540001,108351,57.0423218587696,135.1,5.91,93.4,3907.1,5028.0,120.3,8.6,252778.0,115.4,116.0,6.7,3.2,160865568.24239,1991-04-01 00:00:00+00:00
93.129997,108249,57.211086124624,135.6,5.78,93.0,3933.2,5049.5,120.4,8.4,253060.0,115.6,116.5,6.9,3.1,161034664.894096,1991-05-01 00:00:00+00:00
96.059998,108337,57.3798503904783,136.0,5.9,93.1,3940.5,5084.7,120.5,8.9,253350.0,115.6,116.4,6.9,3.3,161128874.53937098,1991-06-01 00:00:00+00:00
93.489998,108290,57.4642325234055,136.2,5.82,93.0,3966.0,5081.2,120.3,8.2,253650.0,115.4,116.1,6.8,3.1,161180552.683463,1991-07-01 00:00:00+00:00
93.489998,108301,57.6329967892598,136.6,5.66,92.9,3969.1,5103.2,120.1,8.6,253966.0,115.7,116.2,6.9,3.2,161393740.77630898,1991-08-01 00:00:00+00:00
89.900002,108334,57.8861431880414,137.0,5.45,93.1,3984.7,5136.8,119.7,8.8,254280.0,115.7,116.1,6.9,3.0,161642782.958696,1991-09-01 00:00:00+00:00
89.93,108361,57.9705253209685,137.2,5.21,92.9,3976.0,5153.5,119.6,9.3,254576.0,116.4,116.4,7.0,3.2,161727631.397285,1991-10-01 00:00:00+00:00
88.190002,108301,58.1392895868229,137.8,4.81,92.9,4003.6,5173.7,119.3,9.0,254841.0,116.5,116.4,7.0,2.9,161890261.947964,1991-11-01 00:00:00+00:00
83.519997,108333,58.1814806532865,138.2,4.43,92.7,4020.5,5230.9,119.1,9.7,255089.0,116.0,115.9,7.3,2.7,162027884.191085,1991-12-01 00:00:00+00:00
87.489998,108367,58.2658627862136,138.3,4.03,93.0,4084.7,5264.2,118.4,9.4,255331.0,115.9,115.6,7.3,2.7,161717710.152807,1992-01-01 00:00:00+00:00
88.989998,108313,58.4768181185316,138.6,4.06,92.8,4099.5,5303.8,118.2,9.8,255576.0,116.3,116.0,7.4,2.6,161882805.34573,1992-02-01 00:00:00+00:00
89.650002,108360,58.7721555837767,139.1,3.98,92.9,4117.0,5325.5,117.9,9.7,255848.0,116.4,116.1,7.4,2.6,162083867.239899,1992-03-01 00:00:00+00:00
89.620003,108515,58.8565377167039,139.4,3.73,93.0,4131.5,5359.8,117.7,9.9,256139.0,116.9,116.3,7.4,3.0,162321541.455716,1992-04-01 00:00:00+00:00
87.220001,108648,58.940919849631,139.7,3.82,93.2,4158.4,5395.6,117.2,9.9,256437.0,117.6,117.2,7.6,2.9,162461409.038721,1992-05-01 00:00:00+00:00
83.720001,108717,59.151875181949,140.1,3.76,93.3,4177.1,5427.8,116.6,10.1,256742.0,117.9,118.0,7.8,3.1,162381520.672227,1992-06-01 00:00:00+00:00
81.910004,108799,59.2784483813397,140.5,3.25,93.1,4204.8,5441.3,115.9,9.6,257063.0,117.8,117.9,7.7,2.7,162480421.868027,1992-07-01 00:00:00+00:00
78.879997,108922,59.4472126471941,140.8,3.3,93.2,4220.9,5469.7,115.3,9.7,257390.0,117.6,117.7,7.6,2.8,162848464.017075,1992-08-01 00:00:00+00:00
81.099998,108955,59.6159769130484,141.1,3.22,93.1,4255.3,5457.7,114.8,8.7,257704.0,117.6,118.0,7.6,3.0,163132788.504562,1992-09-01 00:00:00+00:00
87.629997,109135,59.8269322453664,141.7,3.1,93.0,4284.7,5450.1,114.1,8.0,258004.0,118.3,118.1,7.3,2.8,163256371.003177,1992-10-01 00:00:00+00:00
90.839996,109279,59.9113143782935,142.1,3.09,92.7,4300.5,5472.7,113.9,8.0,258280.0,118.2,117.8,7.4,2.9,163365376.920849,1992-11-01 00:00:00+00:00
92.360001,109502,59.8691233118299,142.3,2.92,92.6,4336.4,5682.1,113.9,10.6,258546.0,117.9,117.6,7.4,2.8,163498269.655773,1992-12-01 00:00:00+00:00
92.459999,109794,60.164460777075,142.8,3.02,92.6,4340.7,5539.2,114.4,8.6,258799.0,118.4,118.0,7.3,2.9,163309351.33607998,1993-01-01 00:00:00+00:00
94.050003,110044,60.375416109393,143.1,3.03,92.4,4355.3,5573.0,114.6,8.9,259036.0,118.9,118.4,7.1,3.2,163484592.716821,1993-02-01 00:00:00+00:00
91.870003,109992,60.5863714417109,143.3,3.07,92.4,4352.5,5569.9,114.5,8.9,259283.0,119.3,118.7,7.0,3.1,163624844.727968,1993-03-01 00:00:00+00:00
89.489998,110295,60.7551357075653,143.8,2.96,92.5,4393.4,5626.7,114.6,8.7,259547.0,119.7,119.3,7.1,3.0,163888602.477848,1993-04-01 00:00:00+00:00
89.080002,110570,60.8395178404924,144.2,3.0,92.6,4422.4,5642.8,114.4,8.3,259822.0,119.8,119.7,7.1,2.9,164036973.87528202,1993-05-01 00:00:00+00:00
93.629997,110751,60.9238999734196,144.3,3.04,92.8,4440.0,5637.9,114.1,7.8,260109.0,119.5,119.5,7.0,3.5,164028293.050986,1993-06-01 00:00:00+00:00
95.370003,111060,60.9238999734196,144.5,3.06,92.7,4468.9,5665.2,113.1,7.6,260411.0,119.3,119.2,6.9,3.0,164175382.57185698,1993-07-01 00:00:00+00:00
93.949997,111209,61.092664239274,144.8,3.03,92.7,4481.1,5687.2,112.9,7.7,260717.0,118.6,118.7,6.8,3.2,164418248.289219,1993-08-01 00:00:00+00:00
92.82,111455,61.2192374386647,145.0,3.09,92.5,4511.5,5680.3,112.9,6.9,261015.0,118.4,118.7,6.7,3.0,164623296.993041,1993-09-01 00:00:00+00:00
95.080002,111733,61.4723838374462,145.6,2.99,92.5,4532.8,5674.3,113.6,6.3,261294.0,119.4,119.1,6.8,3.3,164813013.121656,1993-10-01 00:00:00+00:00
96.209999,111989,61.5145749039098,146.0,3.02,92.6,4554.1,5699.6,113.8,6.3,261550.0,119.3,119.0,6.6,2.8,164890620.56866,1993-11-01 00:00:00+00:00
96.839996,112323,61.5145749039098,146.3,2.96,92.4,4571.1,5899.1,114.0,9.1,261796.0,118.8,118.6,6.5,3.0,165052653.831912,1993-12-01 00:00:00+00:00
95.589996,112598,61.6833391697642,146.3,3.05,92.1,4585.1,5784.5,113.5,7.1,262021.0,119.3,119.1,6.6,2.8,165003543.736463,1994-01-01 00:00:00+00:00
94.550003,112779,61.8942945020821,146.7,3.25,91.9,4632.6,5803.8,114.0,6.5,262237.0,119.8,119.3,6.6,2.8,165175365.234848,1994-02-01 00:00:00+00:00
93.059998,113240,62.1052498344,147.1,3.34,91.7,4646.0,5835.5,114.7,6.8,262491.0,119.9,119.7,6.5,3.0,165350411.227049,1994-03-01 00:00:00+00:00
92.120003,113587,62.1896319673272,147.2,3.56,91.7,4671.1,5896.8,116.1,6.4,262754.0,120.1,119.7,6.4,3.0,165485332.822006,1994-04-01 00:00:00+00:00
92.519997,113923,62.2318230337908,147.5,4.01,91.6,4669.5,5917.5,117.3,7.6,263014.0,120.4,119.9,6.1,3.1,165609611.749523,1994-05-01 00:00:00+00:00
89.620003,114237,62.4427783661088,147.9,4.25,91.4,4708.9,5923.9,118.8,6.9,263294.0,120.4,120.5,6.1,2.7,165722785.156385,1994-06-01 00:00:00+00:00
89.870003,114607,62.6115426319631,148.4,4.26,91.5,4720.6,5952.6,121.4,7.0,263580.0,120.9,120.7,6.1,2.9,165853680.84407797,1994-07-01 00:00:00+00:00
89.669998,114899,62.8646890307446,149.0,4.47,91.4,4762.6,5974.8,122.8,6.5,263871.0,121.5,121.2,6.0,3.1,165943080.595738,1994-08-01 00:00:00+00:00
87.879997,115254,63.033453296599,149.3,4.73,91.6,4775.0,6007.6,124.0,6.8,264159.0,121.1,121.0,5.9,3.4,166125683.489991,1994-09-01 00:00:00+00:00
85.690002,115457,63.0756443630626,149.4,4.76,91.8,4812.9,6071.6,124.3,7.1,264430.0,121.5,120.9,5.8,3.0,166305868.522348,1994-10-01 00:00:00+00:00
89.129997,115872,63.1600264959897,149.8,5.29,91.9,4825.6,6081.8,125.2,7.0,264681.0,121.9,121.5,5.6,3.2,166370522.447233,1994-11-01 00:00:00+00:00
88.730003,116174,63.1600264959897,150.1,5.45,92.0,4841.6,6114.7,126.3,7.2,264924.0,121.7,121.9,5.5,3.0,166573695.974316,1994-12-01 00:00:00+00:00
87.989998,116504,63.4131728947712,150.5,5.53,92.0,4851.2,6155.5,126.9,7.5,265157.0,122.6,122.9,5.6,3.0,166499718.257157,1995-01-01 00:00:00+00:00
85.93,116692,63.6663192935528,150.9,5.92,92.0,4850.8,6180.4,129.0,7.8,265383.0,123.1,123.5,5.4,3.0,166654196.002702,1995-02-01 00:00:00+00:00
81.900002,116907,63.8772746258707,151.2,5.98,91.8,4885.4,6207.6,132.0,7.5,265625.0,123.4,123.9,5.4,3.2,166742411.28456402,1995-03-01 00:00:00+00:00
81.800003,117065,64.0882299581886,151.8,6.05,91.8,4890.2,6231.3,136.6,6.9,265877.0,124.1,124.6,5.8,3.3,166918272.651418,1995-04-01 00:00:00+00:00
82.57,117050,64.2148031575794,152.1,6.01,91.8,4933.1,6245.8,139.5,7.1,266134.0,124.5,124.9,5.6,3.0,166944051.034399,1995-05-01 00:00:00+00:00
81.580002,117285,64.3413763569702,152.4,6.0,91.6,4977.5,6275.1,141.4,6.7,266414.0,124.4,125.3,5.6,2.9,167042442.315094,1995-06-01 00:00:00+00:00
81.57,117377,64.3413763569702,152.6,5.85,91.4,4970.2,6304.3,142.4,7.1,266700.0,124.4,125.3,5.7,2.9,167164614.680926,1995-07-01 00:00:00+00:00
85.57,117639,64.5101406228245,152.9,5.74,91.4,5005.3,6327.2,143.5,6.7,266998.0,124.4,125.1,5.7,2.9,167314132.717459,1995-08-01 00:00:00+00:00
84.290001,117880,64.6367138222153,153.1,5.8,91.5,5020.5,6356.2,145.2,6.8,267304.0,124.3,125.2,5.6,2.8,167457653.909244,1995-09-01 00:00:00+00:00
83.660004,118029,64.8476691545332,153.5,5.76,91.3,5013.9,6382.3,147.8,7.1,267585.0,125.1,125.3,5.5,2.9,167602539.544972,1995-10-01 00:00:00+00:00
85.260002,118168,64.8054780880696,153.7,5.8,91.3,5055.6,6403.1,149.6,6.6,267829.0,125.1,125.4,5.6,2.8,167661938.494125,1995-11-01 00:00:00+00:00
84.760002,118325,64.763287021606,153.9,5.6,91.3,5097.5,6427.4,151.0,6.1,268047.0,125.3,125.7,5.6,2.7,167867387.8937,1995-12-01 00:00:00+00:00
87.379997,118318,65.1430066197783,154.7,5.56,91.5,5085.7,6463.8,150.9,6.7,268258.0,125.8,126.3,5.6,2.8,167859263.810873,1996-01-01 00:00:00+00:00
86.290001,118734,65.3539619520963,155.0,5.22,91.7,5132.8,6528.1,151.7,6.7,268480.0,125.7,126.2,5.5,2.8,168067802.811883,1996-02-01 00:00:00+00:00
86.519997,118990,65.6914904838049,155.5,5.31,91.5,5173.3,6570.9,152.4,6.6,268724.0,126.0,126.4,5.5,2.9,168265822.06792802,1996-03-01 00:00:00+00:00
88.019997,119156,65.9446368825865,156.1,5.22,91.6,5208.0,6608.1,153.6,5.7,268980.0,126.8,127.4,5.6,3.0,168545780.177469,1996-04-01 00:00:00+00:00
87.779999,119489,66.0712100819772,156.4,5.24,91.6,5223.8,6648.4,154.6,6.7,269247.0,127.4,128.1,5.6,3.1,168679563.765419,1996-05-01 00:00:00+00:00
87.82,119770,66.1134011484408,156.7,5.27,91.6,5229.8,6693.0,156.0,7.1,269527.0,127.1,128.0,5.3,2.9,168831912.663075,1996-06-01 00:00:00+00:00
85.900002,120015,66.2399743478316,157.0,5.4,91.8,5251.9,6694.0,157.7,6.7,269822.0,127.1,128.0,5.5,3.0,168908416.725582,1996-07-01 00:00:00+00:00
86.360001,120201,66.3665475472224,157.2,5.22,92.0,5275.0,6722.5,159.3,6.6,270130.0,127.4,128.3,5.1,3.1,169070733.734226,1996-08-01 00:00:00+00:00
87.940002,120402,66.5775028795403,157.7,5.3,91.9,5296.6,6761.1,160.7,6.7,270433.0,127.5,128.2,5.2,3.2,169244449.118541,1996-09-01 00:00:00+00:00
87.43,120663,66.7884582118582,158.2,5.24,92.0,5328.5,6783.0,161.9,6.4,270730.0,128.2,128.0,5.2,3.0,169382800.307153,1996-10-01 00:00:00+00:00
87.919998,120949,66.915031411249,158.7,5.31,92.0,5351.2,6817.2,162.6,6.4,271002.0,128.0,128.2,5.4,3.0,169535645.869685,1996-11-01 00:00:00+00:00
88.18,121145,66.915031411249,159.1,5.29,91.9,5378.6,6852.1,162.8,6.4,271243.0,128.0,129.1,5.4,3.0,169735531.409446,1996-12-01 00:00:00+00:00
93.040001,121363,67.1259867435669,159.4,5.25,91.9,5411.1,6901.2,161.9,6.2,271472.0,128.1,129.7,5.3,3.0,170271050.859189,1997-01-01 00:00:00+00:00
94.889999,121675,67.3369420758848,159.7,5.19,91.9,5434.0,6938.1,162.4,6.2,271703.0,127.9,128.5,5.2,3.0,170446216.72340402,1997-02-01 00:00:00+00:00
94.720001,121989,67.5057063417392,159.8,5.39,91.8,5454.2,6978.7,163.6,6.4,271952.0,127.8,127.3,5.2,2.8,170696930.369237,1997-03-01 00:00:00+00:00
97.18,122284,67.5900884746664,159.9,5.51,91.7,5459.3,6991.4,166.4,6.5,272213.0,127.7,127.0,5.1,3.0,170770505.574261,1997-04-01 00:00:00+00:00
94.849998,122551,67.5478974082028,159.9,5.5,91.5,5460.2,7020.4,168.1,6.8,272482.0,127.6,127.4,4.9,2.9,170977334.985816,1997-05-01 00:00:00+00:00
95.669998,122816,67.63227954113,160.2,5.56,91.8,5494.2,7054.9,169.6,6.6,272767.0,127.2,127.2,5.0,2.8,171110633.719783,1997-06-01 00:00:00+00:00
99.639999,123112,67.7166616740571,160.4,5.52,91.9,5548.8,7090.6,171.0,6.1,273074.0,126.9,126.9,4.9,2.7,171228144.462512,1997-07-01 00:00:00+00:00
99.0,123092,67.8432348734479,160.8,5.54,92.0,5587.0,7138.2,172.4,6.0,273395.0,127.4,127.2,4.8,2.7,171343870.407843,1997-08-01 00:00:00+00:00
97.110001,123577,68.0119991393022,161.2,5.54,91.9,5601.7,7177.1,174.0,6.2,273703.0,127.3,127.5,4.9,2.8,171474105.987477,1997-09-01 00:00:00+00:00
95.639999,123924,68.1807634051566,161.5,5.5,91.8,5637.7,7224.3,175.5,6.2,273989.0,127.6,127.8,4.7,2.8,171627292.72610602,1997-10-01 00:00:00+00:00
97.790001,124229,68.138572338693,161.7,5.52,91.8,5661.1,7276.1,176.1,6.4,274249.0,127.5,127.9,4.6,2.9,171823920.82918,1997-11-01 00:00:00+00:00
99.650002,124551,68.0541902057658,161.8,5.5,91.8,5692.1,7318.6,175.7,6.4,274499.0,127.0,126.8,4.7,2.8,171964661.13549298,1997-12-01 00:00:00+00:00
100.790001,124813,68.1807634051566,162.0,5.56,91.9,5689.9,7387.7,173.5,7.4,274732.0,126.4,125.4,4.6,2.3,172111730.193995,1998-01-01 00:00:00+00:00
99.82,125019,68.3073366045474,162.0,5.51,91.8,5723.8,7434.5,173.7,7.4,274943.0,126.1,125.0,4.6,2.4,172281130.091719,1998-02-01 00:00:00+00:00
101.5,125164,68.4339098039381,162.0,5.49,92.0,5750.3,7481.4,175.5,7.5,275175.0,125.9,124.7,4.7,2.5,172394712.773056,1998-03-01 00:00:00+00:00
99.709999,125447,68.5604830033289,162.2,5.45,91.8,5788.1,7518.6,179.9,7.2,275434.0,126.2,124.9,4.3,2.4,172571316.86575,1998-04-01 00:00:00+00:00
100.449997,125847,68.6870562027196,162.6,5.49,91.7,5837.9,7563.6,182.4,6.9,275700.0,126.4,125.1,4.4,2.6,172768659.089643,1998-05-01 00:00:00+00:00
101.169998,126078,68.7714383356468,162.8,5.56,91.7,5871.7,7601.0,183.6,6.8,275976.0,126.2,124.8,4.5,2.7,172932763.56152,1998-06-01 00:00:00+00:00
101.199997,126208,68.855820468574,163.2,5.54,91.9,5890.0,7633.9,183.8,6.9,276266.0,126.2,124.9,4.5,2.6,173067392.039379,1998-07-01 00:00:00+00:00
100.199997,126547,68.9402026015012,163.4,5.55,91.7,5925.0,7673.9,183.9,6.8,276566.0,126.0,124.2,4.5,2.4,173222480.07506,1998-08-01 00:00:00+00:00
96.169998,126745,69.0245847344283,163.5,5.51,91.7,5965.6,7696.6,184.0,6.4,276859.0,125.9,123.8,4.6,2.3,173355171.406124,1998-09-01 00:00:00+00:00
93.730003,126950,69.1933490002827,163.9,5.07,91.8,5998.8,7728.5,184.0,6.2,277140.0,126.4,124.0,4.5,2.5,173526635.856062,1998-10-01 00:00:00+00:00
96.199997,127224,69.1933490002827,164.1,4.83,91.9,6015.4,7766.6,183.8,6.3,277402.0,126.2,123.6,4.4,2.3,173797749.81194198,1998-11-01 00:00:00+00:00
94.169998,127599,69.1511579338191,164.4,4.68,91.8,6070.5,7793.5,183.0,5.8,277658.0,125.9,122.8,4.4,2.5,173935356.089113,1998-12-01 00:00:00+00:00
96.080002,127704,69.3199221996734,164.7,4.63,92.5,6073.9,7834.6,181.4,6.4,277891.0,126.2,122.9,4.3,2.7,174445615.23103002,1999-01-01 00:00:00+00:00
98.68,128118,69.4043043326006,164.7,4.76,92.2,6099.2,7863.4,182.2,6.3,278095.0,125.9,122.3,4.4,2.5,174556453.791904,1999-02-01 00:00:00+00:00
100.099998,128234,69.6152596649186,164.8,4.81,91.8,6133.0,7879.4,183.9,6.0,278324.0,126.3,122.6,4.2,2.7,174696077.526793,1999-03-01 00:00:00+00:00
101.0,128598,70.1215524624816,165.9,4.74,91.9,6199.5,7895.9,188.0,5.0,278584.0,127.4,123.6,4.3,2.7,174765928.685038,1999-04-01 00:00:00+00:00
102.510002,128810,70.1215524624816,166.0,4.74,91.8,6232.1,7920.3,190.1,4.8,278859.0,127.7,124.7,4.2,2.8,174988620.08794302,1999-05-01 00:00:00+00:00
102.849998,129088,70.1215524624816,166.0,4.76,91.6,6260.3,7952.6,191.7,4.7,279148.0,127.8,125.2,4.3,2.5,175222092.603884,1999-06-01 00:00:00+00:00
99.75,129422,70.3325077947995,166.7,4.99,91.6,6287.6,7994.8,191.8,4.8,279448.0,128.3,125.7,4.3,2.7,175384841.827179,1999-07-01 00:00:00+00:00
99.949997,129569,70.5012720606539,167.1,5.07,91.5,6331.9,8047.2,192.8,4.7,279752.0,129.0,126.9,4.2,2.8,175540418.99655598,1999-08-01 00:00:00+00:00
98.540001,129781,70.8388005923626,167.8,5.22,91.4,6386.5,8072.9,194.0,4.1,280053.0,129.7,128.0,4.2,2.7,175622832.374903,1999-09-01 00:00:00+00:00
99.059998,130179,70.9653737917533,168.1,5.2,91.4,6411.4,8135.5,195.7,4.4,280337.0,130.2,127.7,4.1,2.9,175893421.732552,1999-10-01 00:00:00+00:00
101.989998,130466,71.0075648582169,168.4,5.42,91.6,6448.7,8199.3,197.6,4.6,280594.0,130.3,128.3,4.1,2.9,176063514.387717,1999-11-01 00:00:00+00:00
101.870003,130780,71.0075648582169,168.8,5.3,91.6,6541.0,8285.8,200.2,4.2,280846.0,130.5,127.8,4.0,3.0,176250095.12490702,1999-12-01 00:00:00+00:00
105.129997,131009,71.2185201905348,169.3,5.45,92.1,6542.9,8382.6,203.4,5.0,281083.0,130.8,128.3,4.0,3.0,178291060.130514,2000-01-01 00:00:00+00:00
105.919998,131120,71.6404308551707,170.0,5.73,92.2,6625.3,8443.7,205.9,4.5,281299.0,132.2,129.8,4.1,2.9,178339699.958574,2000-02-01 00:00:00+00:00
105.440002,131605,72.2311057856609,171.0,5.85,91.9,6686.5,8503.7,207.4,4.3,281531.0,132.9,130.8,4.0,3.2,178400369.109127,2000-03-01 00:00:00+00:00
110.139999,131884,72.2732968521245,170.9,6.02,91.7,6679.1,8542.9,207.8,4.8,281763.0,132.6,130.7,3.8,3.2,178580038.72135702,2000-04-01 00:00:00+00:00
108.739998,132106,72.3576789850517,171.2,6.27,91.5,6709.7,8580.9,209.9,4.8,281996.0,133.1,131.6,4.0,3.0,178727521.689667,2000-05-01 00:00:00+00:00
106.839996,132060,72.737398583224,172.2,6.53,91.7,6746.9,8634.2,213.6,4.8,282247.0,134.2,133.8,4.0,2.9,179057230.536773,2000-06-01 00:00:00+00:00
109.57,132226,72.9061628490784,172.7,6.54,91.5,6768.5,8701.2,220.2,5.1,282504.0,133.9,133.7,4.0,3.0,179328937.271865,2000-07-01 00:00:00+00:00
112.599998,132231,72.9061628490784,172.7,6.5,91.5,6802.8,8747.4,224.5,5.2,282769.0,133.5,132.9,4.1,2.7,179398503.306844,2000-08-01 00:00:00+00:00
113.25,132356,73.2858824472506,173.6,6.52,91.3,6888.6,8792.1,227.7,4.5,283033.0,134.7,134.7,3.9,2.9,179568716.664616,2000-09-01 00:00:00+00:00
116.650002,132352,73.4124556466414,173.9,6.51,91.2,6893.8,8825.5,229.9,4.8,283285.0,134.9,135.4,3.9,3.2,179756447.734779,2000-10-01 00:00:00+00:00
115.239998,132553,73.454646713105,174.2,6.51,91.4,6909.8,8842.0,231.2,4.7,283523.0,134.9,135.0,3.9,2.9,179928601.873025,2000-11-01 00:00:00+00:00
109.559998,132718,73.4124556466414,174.6,6.4,91.6,6952.2,8874.7,231.5,4.4,283748.0,134.3,136.2,3.9,2.8,180137210.684028,2000-12-01 00:00:00+00:00
110.519997,132698,73.8765573777408,175.6,5.98,91.7,6987.4,8975.6,231.1,4.9,283960.0,134.8,140.0,4.2,3.0,180413677.4796,2001-01-01 00:00:00+00:00
112.010002,132785,74.1718948429859,176.0,5.49,91.6,7001.8,9010.9,231.0,5.0,284166.0,134.8,137.4,4.2,2.8,180573525.060849,2001-02-01 00:00:00+00:00
117.370003,132753,74.3406591088403,176.1,5.31,91.5,6996.7,9041.2,230.4,5.3,284380.0,134.5,135.9,4.3,2.8,180631243.073477,2001-03-01 00:00:00+00:00
115.849998,132456,74.6359965740854,176.4,4.8,91.4,7004.2,9033.8,230.0,5.1,284602.0,135.6,136.4,4.4,3.1,180903479.286247,2001-04-01 00:00:00+00:00
119.07,132412,74.9735251057941,177.3,4.21,91.4,7052.8,9030.6,229.0,4.5,284834.0,136.5,136.8,4.3,3.2,181014713.651993,2001-05-01 00:00:00+00:00
119.43,132296,75.1000983051848,177.7,3.97,91.3,7069.7,9032.9,228.1,4.4,285076.0,135.8,135.5,4.5,3.0,181357965.393916,2001-06-01 00:00:00+00:00
117.18,132171,74.8891429728669,177.4,3.77,91.2,7082.3,9028.1,228.1,5.6,285324.0,134.4,133.4,4.6,2.6,181618750.944083,2001-07-01 00:00:00+00:00
113.419998,132024,74.8891429728669,177.4,3.65,91.1,7121.7,9013.6,226.5,6.6,285584.0,134.6,133.4,4.9,2.7,181832589.863568,2001-08-01 00:00:00+00:00
113.480003,131765,75.2266715045756,178.1,3.07,91.1,7007.0,8987.3,223.9,7.0,285842.0,135.6,133.3,5.0,2.8,182060148.121788,2001-09-01 00:00:00+00:00
114.860001,131452,74.9735251057941,177.6,2.49,91.3,7212.9,9000.0,219.4,3.1,286086.0,133.7,130.3,5.3,1.0,182237846.05104,2001-10-01 00:00:00+00:00
116.129997,131142,74.8469519064033,177.5,2.09,91.0,7182.3,8997.6,216.4,3.5,286315.0,132.7,129.8,5.5,0.4,182430970.546298,2001-11-01 00:00:00+00:00
116.75,130985,74.5516144411582,177.4,1.82,91.2,7166.7,9002.1,213.8,3.8,286533.0,131.6,128.1,5.7,1.8,182640535.371024,2001-12-01 00:00:00+00:00
120.239998,130852,74.7203787070126,177.7,1.73,91.1,7184.6,9025.1,210.2,5.7,286739.0,131.7,128.5,5.7,1.9,182563772.038851,2002-01-01 00:00:00+00:00
119.160004,130732,75.0157161722577,178.0,1.74,91.3,7225.2,9040.4,207.8,5.5,286935.0,132.0,128.4,5.7,2.1,182794466.114988,2002-02-01 00:00:00+00:00
118.620003,130721,75.4376268368936,178.5,1.73,91.3,7243.4,9059.0,205.3,5.6,287131.0,132.8,129.8,5.7,2.7,183075058.48599905,2002-03-01 00:00:00+00:00
115.190002,130617,75.8595375015294,179.3,1.75,91.2,7312.5,9108.7,204.7,5.5,287343.0,133.8,130.8,5.9,2.8,183257737.169227,2002-04-01 00:00:00+00:00
111.809998,130633,75.8595375015294,179.5,1.75,91.3,7288.9,9140.4,202.3,6.2,287571.0,133.5,130.8,5.8,2.7,183508021.468382,2002-05-01 00:00:00+00:00
106.110001,130683,75.901728567993,179.6,1.75,91.0,7322.5,9174.8,200.2,6.2,287808.0,133.6,130.9,5.8,2.7,183670927.315594,2002-06-01 00:00:00+00:00
107.410004,130583,75.9861107009202,180.0,1.73,90.9,7387.3,9168.1,198.6,5.4,288051.0,133.6,131.2,5.8,2.6,183890070.89536095,2002-07-01 00:00:00+00:00
106.980003,130587,76.2392570997017,180.5,1.74,91.1,7412.6,9186.9,197.3,5.4,288303.0,133.7,131.5,5.7,2.6,184163655.77154905,2002-08-01 00:00:00+00:00
106.870003,130498,76.3658302990925,180.8,1.75,91.1,7391.5,9210.1,196.1,5.9,288554.0,135.0,132.3,5.7,2.5,184424785.784996,2002-09-01 00:00:00+00:00
106.639999,130621,76.4924034984832,181.2,1.75,91.0,7435.2,9244.4,196.2,5.8,288794.0,135.6,133.2,5.7,2.5,184554698.423903,2002-10-01 00:00:00+00:00
106.410004,130618,76.4924034984832,181.5,1.34,90.6,7463.8,9273.3,195.1,5.8,289012.0,134.6,133.1,5.9,2.4,184745620.125006,2002-11-01 00:00:00+00:00
101.849998,130470,76.3236392326289,181.8,1.24,90.6,7519.9,9300.2,193.3,5.4,289214.0,134.0,132.9,6.0,2.5,184858450.78234,2002-12-01 00:00:00+00:00
99.910004,130579,76.6611677643376,182.6,1.24,90.2,7541.3,9297.2,193.3,5.4,289412.0,135.7,135.3,5.8,2.5,185632648.272278,2003-01-01 00:00:00+00:00
99.709999,130443,77.2518426948278,183.6,1.26,90.5,7548.6,9302.0,194.6,5.3,289606.0,137.6,137.6,5.9,2.7,185866633.58881,2003-02-01 00:00:00+00:00
99.059998,130233,77.7159444259272,183.9,1.25,90.4,7611.5,9341.7,195.3,5.0,289809.0,138.7,141.2,5.9,3.1,186083540.944805,2003-03-01 00:00:00+00:00
97.190002,130176,77.5471801600729,183.2,1.26,90.7,7634.5,9369.8,195.8,5.1,290024.0,136.3,136.8,6.0,2.4,186468258.85013,2003-04-01 00:00:00+00:00
93.269997,130197,77.4206069606821,182.9,1.26,90.6,7650.3,9431.9,196.3,5.5,290250.0,135.8,136.7,6.1,2.0,186649657.15474695,2003-05-01 00:00:00+00:00
94.730003,130192,77.5049890936093,183.1,1.22,90.7,7699.6,9475.2,196.7,5.3,290484.0,136.3,138.0,6.3,2.1,186801250.57718,2003-06-01 00:00:00+00:00
96.889999,130183,77.5893712265365,183.7,1.01,90.6,7757.0,9512.4,195.9,6.1,290726.0,136.4,137.7,6.2,1.7,187068781.83700305,2003-07-01 00:00:00+00:00
98.099998,130153,77.8847086917816,184.5,1.03,90.7,7852.1,9560.2,196.8,5.9,290974.0,137.0,138.0,6.1,2.5,187307937.31809703,2003-08-01 00:00:00+00:00
92.849998,130252,78.1378550905631,185.1,1.01,90.7,7853.7,9604.3,197.7,5.1,291222.0,137.1,138.5,6.1,2.8,187540738.338646,2003-09-01 00:00:00+00:00
92.730003,130439,78.0534729576359,184.9,1.01,90.7,7867.4,9642.4,197.1,5.3,291463.0,138.2,139.3,6.0,2.6,187738637.460428,2003-10-01 00:00:00+00:00
90.209999,130482,77.842517625318,185.0,1.0,90.7,7922.6,9710.1,198.1,5.3,291677.0,137.7,138.9,5.8,2.7,187973596.170705,2003-11-01 00:00:00+00:00
86.919998,130595,77.7581354923908,185.5,0.98,90.7,7950.4,9734.9,200.3,5.2,291868.0,137.7,139.5,5.7,2.6,188134095.260604,2003-12-01 00:00:00+00:00
87.199997,130765,78.1378550905631,186.3,1.0,90.7,8007.1,9753.2,201.7,4.9,292046.0,138.9,141.4,5.7,2.7,187686790.763092,2004-01-01 00:00:00+00:00
87.309998,130822,78.559765755199,186.7,1.01,90.4,8040.4,9786.7,201.0,4.9,292230.0,139.3,142.1,5.6,2.6,187874649.36408705,2004-02-01 00:00:00+00:00
87.610001,131139,79.066058552762,187.1,1.0,90.2,8098.8,9837.2,198.8,4.7,292434.0,140.3,143.1,5.8,2.9,188056450.797998,2004-03-01 00:00:00+00:00
90.480003,131410,79.3192049515436,187.4,1.0,90.3,8107.2,9887.5,200.9,5.1,292651.0,141.8,144.8,5.6,3.2,188318701.386267,2004-04-01 00:00:00+00:00
88.949997,131694,79.783306682643,188.2,1.0,90.5,8176.5,9972.9,202.9,5.1,292872.0,143.3,146.8,5.6,3.3,188476769.998936,2004-05-01 00:00:00+00:00
88.800003,131789,80.0364530814245,188.9,1.03,90.5,8157.6,10013.0,204.5,5.6,293103.0,142.9,147.2,5.6,3.3,188688948.303854,2004-06-01 00:00:00+00:00
89.959999,131849,79.9098798820338,189.1,1.26,90.7,8236.9,10060.0,205.6,5.0,293350.0,143.2,147.4,5.5,3.0,188841634.320888,2004-07-01 00:00:00+00:00
88.940002,131936,79.9520709484974,189.2,1.43,90.5,8271.6,10107.8,207.7,5.0,293603.0,143.7,148.0,5.4,2.8,189072589.046573,2004-08-01 00:00:00+00:00
87.360001,132082,80.1208352143517,189.8,1.61,90.4,8341.5,10142.9,210.3,4.4,293857.0,144.2,147.7,5.4,2.8,189218373.106603,2004-09-01 00:00:00+00:00
84.910004,132433,80.5427458789876,190.8,1.76,90.2,8397.1,10194.7,213.7,4.3,294104.0,146.5,150.0,5.5,3.1,189445806.911008,2004-10-01 00:00:00+00:00
81.82,132509,80.5849369454512,191.7,1.93,90.4,8444.5,10210.6,217.7,3.8,294337.0,146.1,151.4,5.4,2.8,189654315.970882,2004-11-01 00:00:00+00:00
80.849998,132633,80.2895994802061,191.7,2.16,90.3,8504.4,10564.5,222.3,6.6,294561.0,145.0,150.2,5.4,3.0,189809206.38181,2004-12-01 00:00:00+00:00
83.599998,132778,80.4583637460604,191.6,2.28,90.3,8497.7,10296.1,226.1,3.2,294768.0,146.2,150.9,5.3,2.9,189989274.731612,2005-01-01 00:00:00+00:00
82.510002,133033,80.9224654771599,192.4,2.5,90.5,8559.1,10335.8,228.3,2.9,294955.0,147.0,151.6,5.4,2.9,190143945.477579,2005-02-01 00:00:00+00:00
84.059998,133153,81.5553314741136,193.1,2.63,90.5,8598.4,10403.5,228.8,3.1,295149.0,148.9,153.7,5.2,3.2,190460374.61149895,2005-03-01 00:00:00+00:00
84.43,133516,82.1038153381403,193.7,2.79,90.5,8678.4,10468.7,231.3,2.7,295359.0,149.6,155.0,5.2,3.3,190465877.435517,2005-04-01 00:00:00+00:00
87.760002,133687,82.0194332052131,193.6,3.0,90.7,8671.6,10522.6,234.6,3.2,295582.0,149.4,154.3,5.1,3.2,190710814.067596,2005-05-01 00:00:00+00:00
89.110001,133940,82.0616242716767,193.7,3.04,90.4,8753.4,10559.1,238.7,2.6,295824.0,149.6,154.3,5.0,3.2,190962102.556057,2005-06-01 00:00:00+00:00
89.349998,134297,82.441343869849,194.9,3.26,90.5,8853.8,10622.7,240.4,2.1,296077.0,151.0,156.3,5.0,3.0,191116072.92483905,2005-07-01 00:00:00+00:00
87.580002,134495,82.8632545344849,196.1,3.5,90.9,8850.1,10684.7,241.9,2.6,296338.0,151.8,157.6,4.9,3.1,191266042.863653,2005-08-01 00:00:00+00:00
89.519997,134551,83.875840129611,198.8,3.62,90.6,8900.4,10750.8,243.1,2.7,296606.0,154.2,162.2,5.0,4.3,191438834.3124,2005-09-01 00:00:00+00:00
90.07,134644,84.0446043954653,199.1,3.78,90.4,8938.5,10825.6,242.9,2.9,296857.0,156.6,166.2,5.0,4.6,191656056.205746,2005-10-01 00:00:00+00:00
91.57,135001,83.3695473320479,198.1,4.0,90.3,8946.2,10873.6,244.4,3.2,297089.0,152.7,163.7,5.0,3.3,191931560.275213,2005-11-01 00:00:00+00:00
91.169998,135161,83.0320188003392,198.1,4.16,90.2,8981.1,10915.9,247.3,3.1,297311.0,152.8,163.0,4.9,3.1,192144650.571952,2005-12-01 00:00:00+00:00
88.959999,135425,83.664884797293,199.3,4.29,90.4,9071.6,11110.9,254.2,3.7,297526.0,154.1,164.3,4.7,3.0,192349619.368451,2006-01-01 00:00:00+00:00
90.110001,135731,83.8336490631474,199.4,4.49,90.6,9096.0,11180.6,258.6,3.9,297734.0,153.5,161.8,4.8,3.0,192543155.536697,2006-02-01 00:00:00+00:00
89.730003,136040,84.2977507942468,199.7,4.59,90.9,9132.9,11251.7,260.4,4.1,297950.0,155.0,162.2,4.7,3.0,192689415.013787,2006-03-01 00:00:00+00:00
86.110001,136211,85.0149989241278,200.7,4.79,90.6,9191.6,11307.8,258.7,3.8,298170.0,157.2,164.3,4.7,3.3,192816222.234432,2006-04-01 00:00:00+00:00
84.720001,136247,85.4369095887636,201.3,4.94,90.6,9231.8,11329.1,258.0,3.6,298401.0,158.5,165.8,4.6,4.0,192913227.959179,2006-05-01 00:00:00+00:00
85.220001,136328,85.605673854618,201.8,4.99,90.5,9259.6,11372.0,258.4,3.7,298653.0,159.5,166.1,4.6,3.3,193147245.618534,2006-06-01 00:00:00+00:00
85.300003,136522,85.8588202533995,202.9,5.24,90.4,9343.8,11404.2,265.0,3.1,298910.0,159.4,166.8,4.7,3.2,193316395.095091,2006-07-01 00:00:00+00:00
85.050003,136688,86.0275845192539,203.8,5.25,90.5,9342.2,11431.6,271.2,3.3,299178.0,159.8,167.9,4.7,3.8,193455410.756005,2006-08-01 00:00:00+00:00
85.970001,136824,85.605673854618,202.8,5.25,90.4,9375.4,11471.2,277.0,3.2,299452.0,156.8,165.4,4.5,3.1,193557770.400404,2006-09-01 00:00:00+00:00
85.32,136848,85.1415721235186,201.9,5.25,90.4,9393.6,11507.6,277.3,3.2,299710.0,155.9,162.2,4.4,3.1,193703005.261443,2006-10-01 00:00:00+00:00
82.919998,137069,85.0149989241278,202.0,5.25,90.7,9400.2,11570.5,279.8,3.6,299950.0,156.4,164.6,4.5,3.0,193948018.439989,2006-11-01 00:00:00+00:00
83.720001,137253,85.1415721235186,203.1,5.24,90.9,9488.3,11679.2,284.3,3.5,300178.0,156.9,165.6,4.4,2.9,194181161.90413,2006-12-01 00:00:00+00:00
84.610001,137476,85.4014690929342,203.437,5.25,91.5,9538.7,11737.9,283.8,3.2,300398.0,156.4,164.0,4.6,3.0,194948893.763168,2007-01-01 00:00:00+00:00
83.57,137554,85.8583983427349,204.226,5.26,91.4,9566.0,11824.1,280.8,3.6,300608.0,157.7,166.8,4.5,3.0,195127903.379601,2007-02-01 00:00:00+00:00
82.93,137781,86.6401988043052,205.288,5.26,91.2,9611.7,11910.2,275.4,3.9,300823.0,160.1,169.3,4.4,3.0,195234459.40799,2007-03-01 00:00:00+00:00
81.449997,137843,87.2030276309294,205.904,5.25,91.1,9643.6,11955.5,286.0,3.8,301045.0,162.2,171.4,4.5,3.3,195286290.288425,2007-04-01 00:00:00+00:00
82.300003,137993,87.7359008003645,206.755,5.25,90.9,9685.8,11995.3,294.4,3.6,301278.0,163.8,173.3,4.4,3.3,195379410.571016,2007-05-01 00:00:00+00:00
81.919998,138072,87.9059307982128,207.234,5.25,90.7,9706.8,12015.3,300.5,3.5,301528.0,163.7,173.8,4.6,3.4,195626629.46256095,2007-06-01 00:00:00+00:00
80.769997,138042,87.8835695329871,207.603,5.26,90.6,9751.1,12041.5,295.3,3.4,301790.0,164.9,175.1,4.7,3.4,195763589.435011,2007-07-01 00:00:00+00:00
80.790001,138017,87.7223996590962,207.667,5.02,90.5,9798.9,12050.3,294.0,3.1,302064.0,163.0,172.4,4.6,3.2,195849821.459522,2007-08-01 00:00:00+00:00
77.720001,138103,87.9641544699325,208.547,4.94,90.4,9845.1,12115.9,296.5,3.1,302334.0,163.7,173.5,4.7,3.1,195982870.57074705,2007-09-01 00:00:00+00:00
76.480003,138174,88.1523266263601,209.19,4.76,90.3,9882.7,12142.4,296.5,3.0,302590.0,164.5,174.7,4.7,3.1,196078415.574749,2007-10-01 00:00:00+00:00
76.150002,138292,88.6759177611732,210.834,4.49,90.6,9955.9,12197.5,296.2,2.8,302834.0,168.0,179.0,4.7,3.4,196220576.812849,2007-11-01 00:00:00+00:00
76.699997,138398,88.6164283574596,211.445,4.24,90.9,9972.8,12270.4,295.5,3.2,303062.0,166.9,178.6,5.0,3.4,196456569.962753,2007-12-01 00:00:00+00:00
75.18,138399,89.0569030913394,212.174,3.94,91.1,9996.4,12302.1,290.9,3.2,303280.0,168.5,181.0,5.0,3.4,196084372.417111,2008-01-01 00:00:00+00:00
73.709999,138323,89.3155343287612,212.687,2.98,91.0,9981.7,12329.8,285.1,3.6,303494.0,169.6,182.7,4.9,3.6,196236313.611065,2008-02-01 00:00:00+00:00
71.800003,138255,90.089740398368,213.448,2.61,90.9,10035.3,12374.0,277.8,3.4,303707.0,173.4,187.9,5.1,4.3,196402782.353142,2008-03-01 00:00:00+00:00
72.510002,138038,90.6361147090715,213.942,2.28,90.6,10070.3,12360.2,274.7,2.9,303926.0,175.3,190.9,5.0,4.8,196184250.38005495,2008-04-01 00:00:00+00:00
72.879997,137847,91.3993511013978,215.208,1.98,90.5,10132.3,12934.6,272.9,7.3,304157.0,179.4,196.6,5.4,5.2,196465225.53211105,2008-05-01 00:00:00+00:00
72.459999,137689,92.3203820822979,217.463,2.0,90.5,10187.1,12713.5,272.5,5.1,304396.0,182.0,200.5,5.6,5.1,196571995.297128,2008-06-01 00:00:00+00:00
73.230003,137492,92.8051574359645,219.016,2.01,90.7,10185.1,12564.0,272.1,4.0,304646.0,185.6,205.5,5.8,5.1,196673356.379122,2008-07-01 00:00:00+00:00
77.379997,137209,92.4347198724142,218.69,2.0,90.5,10175.7,12472.5,272.2,3.5,304903.0,182.6,199.0,6.1,4.8,196811639.433044,2008-08-01 00:00:00+00:00
79.449997,136758,92.3068809410295,218.877,1.81,90.5,10116.4,12489.4,272.7,4.3,305158.0,182.9,196.9,6.1,4.3,196983617.64493895,2008-09-01 00:00:00+00:00
85.629997,136294,91.3744583721842,216.995,0.97,90.4,10034.1,12489.4,265.1,5.2,305403.0,176.8,186.4,6.5,3.9,197147604.314356,2008-10-01 00:00:00+00:00
86.519997,135546,89.6243729352747,213.153,0.39,90.3,9885.2,12427.1,257.7,6.3,305620.0,169.4,176.8,6.8,2.9,197284293.12403,2008-11-01 00:00:00+00:00
81.309998,134849,88.6974352050697,211.398,0.16,89.9,9801.5,12274.1,250.4,6.2,305827.0,164.1,170.9,7.3,1.7,197451186.28329,2008-12-01 00:00:00+00:00
86.0,134069,89.0834834632115,211.933,0.15,90.0,9847.2,12155.6,252.8,6.2,306035.0,164.7,171.2,7.8,2.2,196956592.301266,2009-01-01 00:00:00+00:00
88.010002,133311,89.5264896610792,212.705,0.22,89.8,9824.5,12031.7,254.5,5.6,306237.0,163.9,169.3,8.3,1.9,197132742.514633,2009-02-01 00:00:00+00:00
85.43,132493,89.7441955640313,212.495,0.18,89.7,9773.2,11983.8,255.5,5.9,306438.0,162.9,168.1,8.7,2.0,197298952.03005305,2009-03-01 00:00:00+00:00
84.610001,131825,89.9682301269529,212.709,0.15,89.9,9772.5,12022.2,254.8,6.6,306645.0,164.2,169.1,9.0,2.8,197762698.877818,2009-04-01 00:00:00+00:00
80.43,131470,90.2281270963686,213.022,0.18,90.1,9791.6,12188.9,253.3,7.9,306863.0,165.8,170.8,9.4,2.8,197891289.743288,2009-05-01 00:00:00+00:00
80.129997,131002,91.0031769873047,214.79,0.21,90.0,9852.4,12050.9,251.0,6.2,307090.0,168.4,174.1,9.5,3.1,197601016.98786,2009-06-01 00:00:00+00:00
78.349998,130661,90.8588835399992,214.726,0.16,89.8,9886.3,12007.4,249.7,5.5,307322.0,167.1,172.5,9.5,2.9,197764353.689474,2009-07-01 00:00:00+00:00
78.169998,130480,91.0626663910184,215.445,0.16,90.1,10004.1,12021.0,251.4,4.5,307570.0,169.4,175.0,9.6,2.8,198114608.952855,2009-08-01 00:00:00+00:00
76.650002,130240,91.1196243307442,215.861,0.15,89.8,9927.8,12071.4,255.9,5.6,307826.0,168.6,174.1,9.8,2.2,198363088.438423,2009-09-01 00:00:00+00:00
76.300003,130062,91.2073817489885,216.509,0.12,89.8,9976.7,12080.2,255.7,5.2,308071.0,168.9,175.2,10.0,2.9,198619928.333321,2009-10-01 00:00:00+00:00
74.879997,130059,91.2719340806777,217.234,0.12,89.6,9985.7,12143.6,252.6,5.6,308289.0,170.7,177.4,9.9,2.7,198615925.699597,2009-11-01 00:00:00+00:00
77.860001,129808,91.1111861174515,217.347,0.12,88.9,10052.6,12208.3,246.9,5.6,308495.0,170.8,178.1,9.9,2.5,198625105.114034,2009-12-01 00:00:00+00:00
79.459999,129798,91.4225561879528,217.488,0.11,89.2,10056.1,12296.6,248.4,5.9,308706.0,173.1,181.9,9.8,2.8,198065327.371548,2010-01-01 00:00:00+00:00
80.360001,129700,91.4453393638431,217.281,0.13,89.2,10093.4,12301.4,248.8,5.6,308904.0,172.2,181.0,9.8,2.7,198331104.661565,2010-02-01 00:00:00+00:00
81.07,129864,91.820839855369,217.353,0.16,89.5,10156.0,12365.6,247.8,5.6,309095.0,173.9,183.3,9.9,2.7,198649878.375604,2010-03-01 00:00:00+00:00
81.870003,130115,91.9803220866014,217.403,0.2,89.7,10182.3,12473.3,244.4,6.2,309289.0,175.2,184.4,9.9,2.9,199113419.503739,2010-04-01 00:00:00+00:00
86.589996,130645,92.0516249889248,217.29,0.2,89.5,10210.8,12575.2,243.6,6.7,309485.0,176.1,184.8,9.6,3.2,199223940.862867,2010-05-01 00:00:00+00:00
86.019997,130501,91.9617580173574,217.199,0.18,89.5,10231.3,12585.4,245.1,6.5,309691.0,174.8,183.5,9.4,2.8,198996321.698288,2010-06-01 00:00:00+00:00
81.540001,130420,91.9811659079306,217.605,0.18,89.2,10268.1,12629.5,242.6,6.4,309913.0,174.7,184.1,9.4,2.7,199103313.701535,2010-07-01 00:00:00+00:00
83.199997,130424,92.108161017986,217.923,0.19,89.3,10307.1,12697.4,239.9,6.5,310146.0,175.3,184.9,9.5,2.7,199358226.878271,2010-08-01 00:00:00+00:00
78.720001,130339,92.1617436723948,218.275,0.19,89.3,10327.1,12719.1,236.9,6.5,310385.0,175.5,184.9,9.5,2.2,199591633.931444,2010-09-01 00:00:00+00:00
77.269997,130620,92.2765033731758,219.035,0.19,88.9,10386.4,12768.0,237.0,6.3,310612.0,177.3,186.6,9.4,2.7,199862078.333142,2010-10-01 00:00:00+00:00
81.199997,130754,92.3153191543222,219.59,0.19,88.9,10433.6,12808.4,236.9,6.1,310820.0,178.2,187.7,9.8,3.0,199934804.063997,2010-11-01 00:00:00+00:00
79.029999,130835,92.4739575642254,220.472,0.18,88.6,10471.0,12914.3,236.6,6.5,311020.0,179.1,189.7,9.3,3.0,199963672.437139,2010-12-01 00:00:00+00:00
77.739998,130842,92.9144322981052,221.187,0.17,88.6,10514.3,13120.0,232.7,6.9,311204.0,181.1,192.7,9.1,3.4,199072074.22677705,2011-01-01 00:00:00+00:00
76.889999,131052,93.3726272798998,221.898,0.16,88.7,10540.6,13193.3,231.2,7.2,311373.0,183.3,195.8,9.0,3.4,199331515.119777,2011-02-01 00:00:00+00:00
75.860001,131277,94.283110494184,223.046,0.14,88.8,10619.7,13214.3,232.2,6.6,311551.0,187.3,199.2,9.0,4.6,199525115.94176,2011-03-01 00:00:00+00:00
72.93,131604,94.890239940595,224.093,0.1,88.7,10652.1,13247.4,233.5,6.6,311740.0,190.2,203.1,9.1,4.6,199948919.936078,2011-04-01 00:00:00+00:00
74.639999,131704,95.3366214237797,224.806,0.09,89.0,10672.2,13270.9,231.9,6.5,311935.0,191.9,204.1,9.0,4.1,200045536.830824,2011-05-01 00:00:00+00:00
74.300003,131936,95.2345190429378,224.806,0.09,88.9,10694.8,13323.5,227.5,6.7,312147.0,191.1,203.9,9.1,3.8,199914796.89037,2011-06-01 00:00:00+00:00
73.900002,131991,95.318901175865,225.395,0.07,88.6,10731.6,13398.4,226.6,6.9,312372.0,191.7,204.6,9.0,3.4,200019651.602336,2011-07-01 00:00:00+00:00
74.129997,132124,95.5817515199332,226.106,0.1,88.7,10750.3,13420.6,228.0,6.9,312605.0,190.7,203.2,9.0,3.5,200118858.325584,2011-08-01 00:00:00+00:00
78.550003,132345,95.7268887885679,226.597,0.08,88.6,10783.2,13422.3,231.7,6.5,312842.0,191.5,203.7,9.0,3.3,200262151.26204,2011-09-01 00:00:00+00:00
76.169998,132557,95.5294345975183,226.75,0.07,88.4,10802.9,13430.4,231.7,6.5,313060.0,190.2,201.1,8.8,3.2,200456727.200788,2011-10-01 00:00:00+00:00
78.389999,132701,95.4488496605728,227.169,0.08,88.7,10806.8,13447.9,228.9,6.6,313260.0,190.6,201.4,8.6,3.2,200414851.95662895,2011-11-01 00:00:00+00:00
80.169998,132901,95.213423509706,227.223,0.07,88.7,10817.8,13582.4,223.4,7.5,313454.0,189.6,199.8,8.5,3.1,200420481.94036305,2011-12-01 00:00:00+00:00
79.279999,133246,95.6323807996894,227.842,0.08,88.8,10896.8,13683.6,223.6,7.8,313636.0,191.1,200.7,8.3,3.3,201013465.594719,2012-01-01 00:00:00+00:00
78.730003,133518,96.0534476429961,228.329,0.1,88.7,10987.2,13798.1,227.2,7.8,313811.0,192.1,201.6,8.3,3.3,201110853.76617497,2012-02-01 00:00:00+00:00
78.93,133744,96.7829311821515,228.807,0.13,88.9,10993.9,13877.1,234.4,8.2,313993.0,194.3,204.2,8.2,3.9,201202003.88334,2012-03-01 00:00:00+00:00
78.790001,133827,97.0753152727441,229.187,0.14,88.7,11018.5,13954.9,233.1,8.5,314176.0,194.7,203.7,8.2,3.2,201473055.37536803,2012-04-01 00:00:00+00:00
83.040001,133935,96.9613993932924,228.713,0.16,88.6,11006.8,13944.6,229.9,8.6,314368.0,193.6,201.9,8.2,3.0,201508341.67732,2012-05-01 00:00:00+00:00
81.650002,134007,96.8192154993102,228.524,0.16,88.9,10989.8,13938.1,224.7,8.6,314576.0,191.7,199.8,8.2,3.1,201440737.404191,2012-06-01 00:00:00+00:00
82.639999,134153,96.6614209107364,228.59,0.16,88.6,11016.8,13859.9,227.4,7.8,314796.0,191.2,200.1,8.2,3.0,201433498.928026,2012-07-01 00:00:00+00:00
81.25,134330,97.1993570081471,229.918,0.13,88.6,11056.0,13879.8,230.4,7.6,315031.0,193.5,202.7,8.1,3.6,201502677.278152,2012-08-01 00:00:00+00:00
79.940002,134512,97.6330811713928,231.015,0.14,88.6,11105.3,14028.2,233.6,8.1,315264.0,195.4,204.4,7.8,3.3,201625482.535398,2012-09-01 00:00:00+00:00
79.919998,134671,97.5951092115755,231.638,0.16,88.8,11137.4,14164.6,232.7,8.7,315485.0,195.1,203.5,7.8,3.1,201719635.390907,2012-10-01 00:00:00+00:00
80.150002,134834,97.1326951231346,231.249,0.16,88.4,11178.4,14346.4,230.7,9.5,315692.0,192.6,201.8,7.7,3.1,201770012.934599,2012-11-01 00:00:00+00:00
79.769997,135075,96.8711105110604,231.221,0.16,88.6,11181.2,14696.7,227.5,11.6,315877.0,191.8,201.5,7.9,3.2,201891910.789652,2012-12-01 00:00:00+00:00
79.209999,135265,97.1575878523481,231.679,0.14,88.4,11245.8,13996.7,227.7,5.9,316038.0,192.6,202.5,8.0,3.3,201739435.393451,2013-01-01 00:00:00+00:00
81.980003,135544,97.9533113658514,232.937,0.15,88.5,11282.1,14015.4,229.3,5.6,316191.0,195.2,204.3,7.7,3.3,201881792.813005,2013-02-01 00:00:00+00:00
82.989998,135689,98.2094111392854,232.282,0.14,88.3,11268.9,14046.4,233.2,5.9,316357.0,194.5,204.0,7.5,3.2,202095618.963194,2013-03-01 00:00:00+00:00
81.730003,135876,98.1073087584435,231.797,0.15,88.6,11259.3,14089.6,232.6,6.2,316535.0,194.0,203.5,7.6,3.1,202112900.336915,2013-04-01 00:00:00+00:00
83.379997,136091,98.2819797736027,231.893,0.11,88.6,11295.1,14168.4,229.9,6.4,316729.0,194.0,204.1,7.5,3.1,202295694.811747,2013-05-01 00:00:00+00:00
83.169998,136269,98.5178278351342,232.445,0.09,88.6,11318.5,14200.8,225.0,6.5,316934.0,193.9,204.3,7.5,3.0,202334757.27817,2013-06-01 00:00:00+00:00
81.449997,136391,98.5566436162807,232.9,0.09,88.5,11346.8,14191.1,226.4,6.3,317156.0,194.0,204.4,7.3,3.1,202341652.243429,2013-07-01 00:00:00+00:00
82.089996,136635,98.6752005130434,233.456,0.08,88.3,11376.9,14240.1,228.9,6.4,317397.0,194.6,204.2,7.2,3.0,202433689.787615,2013-08-01 00:00:00+00:00
80.220001,136819,98.7899602138243,233.544,0.08,88.4,11413.9,14301.2,232.4,6.5,317635.0,194.3,203.9,7.2,3.3,202612308.18283,2013-09-01 00:00:00+00:00
80.199997,137039,98.5355480830489,233.669,0.09,88.0,11465.2,14290.7,230.7,6.0,317864.0,193.7,202.5,7.2,3.0,202633970.789388,2013-10-01 00:00:00+00:00
80.68,137314,98.3342966960176,234.1,0.08,88.6,11531.3,14357.7,229.4,5.8,318076.0,192.7,201.2,6.9,2.9,202702545.62793,2013-11-01 00:00:00+00:00
80.040001,137368,98.3258584827249,234.719,0.09,88.1,11558.6,14425.7,228.6,6.0,318276.0,193.2,202.0,6.7,3.0,202728127.284811,2013-12-01 00:00:00+00:00
81.269997,137552,98.6916550289642,235.288,0.07,88.2,11543.7,14529.9,232.9,6.7,318464.0,194.2,203.8,6.6,3.1,202492476.859284,2014-01-01 00:00:00+00:00
79.779999,137707,99.0566077538742,235.547,0.07,88.1,11615.4,14620.1,237.2,6.6,318642.0,195.2,205.7,6.7,3.2,202562201.346831,2014-02-01 00:00:00+00:00
80.099998,137986,99.6945366788036,236.028,0.08,88.3,11695.2,14725.2,239.9,6.7,318827.0,196.2,207.0,6.7,3.2,202695176.816925,2014-03-01 00:00:00+00:00
79.489998,138298,100.023205086555,236.468,0.09,87.9,11737.4,14800.2,240.5,6.9,319020.0,197.5,208.3,6.2,3.2,202797602.805184,2014-04-01 00:00:00+00:00
80.370003,138501,100.372547116873,236.918,0.09,88.0,11778.6,14872.4,240.1,7.1,319225.0,197.2,208.0,6.3,3.3,202920038.84060895,2014-05-01 00:00:00+00:00
79.779999,138833,100.559453541307,237.231,0.1,88.3,11838.0,14951.3,238.7,7.1,319438.0,197.2,208.3,6.1,3.1,203093067.063154,2014-06-01 00:00:00+00:00
81.459999,139076,100.520215849496,237.498,0.09,88.3,11879.2,15026.9,240.4,7.2,319670.0,197.4,208.0,6.2,3.3,203115318.953392,2014-07-01 00:00:00+00:00
82.75,139258,100.352295404971,237.46,0.09,88.5,11958.8,15105.5,243.8,7.0,319919.0,197.4,207.0,6.1,3.2,203212140.44797,2014-08-01 00:00:00+00:00
85.940002,139563,100.427817413941,237.477,0.09,88.1,11964.9,15166.0,249.1,7.2,320166.0,196.8,206.4,5.9,3.0,203258931.477288,2014-09-01 00:00:00+00:00
86.879997,139805,100.175514836488,237.43,0.09,88.1,12035.5,15233.2,252.1,7.1,320403.0,194.8,203.4,5.7,2.9,203280863.464506,2014-10-01 00:00:00+00:00
88.360001,140089,99.6346253644253,236.983,0.09,88.1,12058.4,15304.9,254.3,7.3,320616.0,192.7,200.9,5.8,2.8,203372306.50539,2014-11-01 00:00:00+00:00
90.269997,140366,99.0696869844779,236.252,0.12,88.2,12067.6,15383.1,255.8,7.7,320815.0,189.1,197.0,5.6,2.8,203426196.415126,2014-12-01 00:00:00+00:00
94.800003,140562,98.6034757000553,234.747,0.11,88.5,12036.5,15444.5,255.3,8.0,320997.0,185.0,192.0,5.7,2.5,203881677.672699,2015-01-01 00:00:00+00:00
95.25,140829,99.0317150246607,235.342,0.11,88.4,12083.1,15525.3,254.1,8.1,321164.0,185.4,191.1,5.5,2.8,203937365.049963,2015-02-01 00:00:00+00:00
98.360001,140924,99.621124223157,235.976,0.11,88.5,12132.2,15523.4,252.3,7.7,321344.0,186.2,191.5,5.4,3.0,204002582.857745,2015-03-01 00:00:00+00:00
94.599998,141202,99.8236413421822,236.222,0.12,88.4,12170.3,15581.5,256.0,7.6,321538.0,185.7,190.9,5.4,2.6,204015226.920813,2015-04-01 00:00:00+00:00
96.910004,141540,100.332465603733,237.001,0.12,88.3,12233.6,15650.7,260.9,7.5,321740.0,188.2,193.4,5.6,2.8,204230362.595878,2015-05-01 00:00:00+00:00
95.489998,141695,100.683917187375,237.657,0.13,88.3,12270.3,15687.4,267.1,7.4,321954.0,188.9,194.8,5.3,2.7,204417861.957618,2015-06-01 00:00:00+00:00
97.370003,141989,100.690667758009,238.034,0.13,88.1,12327.5,15727.5,267.7,7.3,322186.0,188.5,193.9,5.2,2.8,204506242.716439,2015-07-01 00:00:00+00:00
95.949997,142130,100.548061953362,238.033,0.14,88.2,12359.3,15761.1,267.3,7.3,322427.0,187.0,191.9,5.1,2.8,204559605.173177,2015-08-01 00:00:00+00:00
96.349998,142265,100.391533096782,237.498,0.14,88.2,12356.4,15782.3,265.7,7.4,322670.0,184.3,189.1,5.0,2.8,204535463.706153,2015-09-01 00:00:00+00:00
96.949997,142585,100.346388655666,237.733,0.12,88.2,12362.3,15822.4,268.9,7.5,322901.0,183.7,187.5,5.0,2.7,204577740.82871097,2015-10-01 00:00:00+00:00
100.169998,142810,100.134589502019,238.017,0.12,88.1,12397.5,15831.0,271.9,7.3,323113.0,182.9,185.7,5.1,2.7,204606088.705046,2015-11-01 00:00:00+00:00
98.629997,143083,99.7924199529991,237.761,0.24,88.2,12432.8,15885.7,274.8,7.4,323318.0,180.8,183.5,5.0,2.6,204719971.883341,2015-12-01 00:00:00+00:00
99.610001,143198,99.9573870228718,237.652,0.34,88.4,12452.1,15906.1,270.3,7.7,323509.0,179.7,182.6,4.8,2.5,205109041.65046,2016-01-01 00:00:00+00:00
98.209999,143410,100.039659602476,237.336,0.38,88.4,12526.3,15906.3,266.8,7.2,323687.0,178.7,181.3,4.9,2.5,205160366.155412,2016-02-01 00:00:00+00:00
94.589996,143666,100.470430391069,238.08,0.36,88.7,12506.8,15943.3,263.5,7.6,323871.0,179.3,182.1,5.0,2.7,205292070.821932,2016-03-01 00:00:00+00:00
93.080002,143856,100.946767531443,238.992,0.37,88.6,12586.0,15974.1,267.1,7.2,324061.0,180.5,183.2,5.1,2.8,205240071.983526,2016-04-01 00:00:00+00:00
95.889999,143901,101.35517705481,239.557,0.37,88.4,12624.4,15993.9,271.1,6.9,324260.0,181.9,185.3,4.8,2.4,205442378.37464905,2016-05-01 00:00:00+00:00
96.139999,144152,101.688064569208,240.222,0.38,88.7,12701.7,16038.1,275.6,6.6,324476.0,183.6,187.6,4.9,2.6,205612595.265312,2016-06-01 00:00:00+00:00
95.529999,144515,101.52351941,240.101,0.39,88.5,12720.6,16105.0,276.0,6.8,324697.0,183.4,187.7,4.8,2.7,205723487.508334,2016-07-01 00:00:00+00:00
96.019997,144664,101.616761666885,240.545,0.4,88.5,12749.8,16142.6,275.3,6.8,324924.0,182.5,186.6,4.9,2.5,205722751.98286095,2016-08-01 00:00:00+00:00
95.459999,144961,101.861047941709,241.176,0.4,88.6,12806.8,16207.3,273.6,6.8,325155.0,183.0,186.9,5.0,2.4,205756717.633331,2016-09-01 00:00:00+00:00
98.449997,145069,101.988043051764,241.741,0.4,88.6,12828.1,16264.5,275.1,6.9,325368.0,183.7,186.7,4.9,2.4,205821868.59670705,2016-10-01 00:00:00+00:00
101.5,145189,101.829404641861,242.026,0.41,88.5,12853.6,16307.3,277.6,7.0,325562.0,183.2,186.3,4.7,2.4,205809670.54416505,2016-11-01 00:00:00+00:00
102.389999,145408,101.862735584367,242.637,0.54,88.5,12962.9,16374.1,281.1,6.5,325742.0,183.9,188.2,4.7,2.2,205949549.780144,2016-12-01 00:00:00+00:00
99.510002,145639,102.45636388951,243.618,0.65,88.8,13020.4,16489.3,281.9,6.9,325901.0,185.6,190.7,4.7,2.6,205342254.319514,2017-01-01 00:00:00+00:00
101.120003,145845,102.778703637292,244.006,0.66,88.6,13038.6,16557.5,281.0,7.2,326050.0,186.2,191.6,4.6,2.7,205347752.127733,2017-02-01 00:00:00+00:00
100.349998,145975,102.86224194889,243.892,0.79,88.5,13089.3,16609.1,278.6,7.2,326207.0,186.7,191.5,4.4,2.5,205264374.824909,2017-03-01 00:00:00+00:00
99.050003,146172,103.167283359421,244.193,0.9,88.6,13114.1,16667.2,281.1,7.3,326371.0,187.6,193.0,4.4,2.5,205392659.671543,2017-04-01 00:00:00+00:00
96.919998,146389,103.25546268833,244.004,0.91,88.5,13117.6,16763.7,286.1,7.8,326548.0,187.3,192.8,4.4,2.6,205501003.482342,2017-05-01 00:00:00+00:00
95.660004,146588,103.34912685588,244.163,1.04,88.6,13170.3,16791.0,293.8,7.5,326743.0,187.6,193.6,4.3,2.6,205688632.747876,2017-06-01 00:00:00+00:00
92.860001,146772,103.277823953556,244.243,1.15,88.6,13193.5,16848.0,294.7,7.6,326939.0,187.3,193.5,4.3,2.6,205739862.857579,2017-07-01 00:00:00+00:00
92.669998,146907,103.587084470734,245.183,1.16,88.4,13234.1,16907.9,293.6,7.6,327140.0,188.4,193.8,4.4,2.6,205724162.574882,2017-08-01 00:00:00+00:00
93.080002,146999,104.135568334761,246.435,1.15,88.7,13353.4,17008.3,290.5,7.3,327342.0,189.6,194.8,4.3,2.7,205703643.54675695,2017-09-01 00:00:00+00:00
94.550003,147147,104.069750271078,246.626,1.15,88.6,13383.4,17087.2,295.5,7.4,327528.0,190.2,194.9,4.2,2.4,205670306.83099,2017-10-01 00:00:00+00:00
93.010002,147377,104.072281735065,247.284,1.16,88.5,13479.8,17146.6,300.9,6.9,327699.0,191.2,195.9,4.2,2.5,205657364.70798,2017-11-01 00:00:00+00:00
92.120003,147521,104.011104688693,247.805,1.3,89.0,13609.0,17202.4,306.9,6.3,327848.0,191.3,196.3,4.1,2.7,205803414.904926,2017-12-01 00:00:00+00:00
89.129997,147670,104.577730711299,248.859,1.41,89.0,13628.4,17294.8,308.2,7.1,327969.0,192.6,197.9,4.0,2.7,206339755.175823,2018-01-01 00:00:00+00:00
90.610001,148058,105.05195829835,249.529,1.42,89.2,13668.3,17354.1,308.9,7.2,328085.0,193.5,199.3,4.1,2.7,206306534.75589,2018-02-01 00:00:00+00:00
89.970001,148281,105.28949400254,249.577,1.51,89.2,13735.4,17416.0,308.9,7.2,328219.0,194.0,199.3,4.0,2.8,206369798.284667,2018-03-01 00:00:00+00:00
91.839996,148426,105.708029381859,250.227,1.69,89.3,13792.1,17472.7,311.3,7.2,328364.0,195.3,200.3,4.0,2.7,206275890.198489,2018-04-01 00:00:00+00:00
93.989998,148755,106.147660294409,250.792,1.7,89.1,13860.2,17547.6,314.8,7.2,328521.0,197.7,203.2,3.8,2.8,206525964.226618,2018-05-01 00:00:00+00:00
94.629997,148966,106.316846470928,251.018,1.82,89.0,13900.2,17631.9,319.4,7.4,328692.0,198.4,204.2,4.0,3.0,206662085.686888,2018-06-01 00:00:00+00:00
94.489998,149022,106.324018952227,251.214,1.91,88.9,13952.3,17734.2,324.9,7.5,328863.0,198.5,204.3,3.8,2.9,206657108.058252,2018-07-01 00:00:00+00:00
95.139999,149272,106.383086445276,251.663,1.91,88.7,14001.1,17816.8,328.1,7.6,329040.0,198.6,203.4,3.8,3.0,206664065.506818,2018-08-01 00:00:00+00:00
95.190002,149361,106.506706270014,252.182,1.95,88.7,14013.0,17850.7,329.1,7.7,329216.0,198.9,203.6,3.7,2.7,206653520.510472,2018-09-01 00:00:00+00:00
97.129997,149526,106.694878426442,252.772,2.19,89.0,14096.5,17919.9,328.9,7.6,329379.0,200.4,204.6,3.8,2.9,206619492.303273,2018-10-01 00:00:00+00:00
97.269997,149622,106.337520093495,252.594,2.2,88.9,14160.6,17975.9,329.2,7.5,329527.0,198.4,202.3,3.8,2.8,206643920.42926505,2018-11-01 00:00:00+00:00
96.169998,149805,105.997882008464,252.767,2.27,88.9,14051.7,18190.9,330.1,9.4,329659.0,195.2,201.0,3.9,2.7,206765524.982483,2018-12-01 00:00:00+00:00
95.580002,150114,106.199977216824,252.718,2.4,89.4,14090.0,18254.2,328.4,9.3,329766.0,194.3,199.1,4.0,2.7,206188158.309618,2019-01-01 00:00:00+00:00
96.160004,150092,106.648890163997,253.322,2.4,89.3,14113.9,18348.5,328.0,9.5,329862.0,195.4,199.2,3.8,2.6,206153547.283657,2019-02-01 00:00:00+00:00
97.279999,150320,107.250534771767,254.202,2.41,89.6,14233.8,18433.4,329.0,9.1,329977.0,197.4,200.8,3.8,2.5,206100350.805793,2019-03-01 00:00:00+00:00
97.480003,150563,107.818426526367,255.211,2.42,89.2,14272.6,18475.5,332.0,8.9,330103.0,199.2,202.1,3.6,2.5,206171529.25301296,2019-04-01 00:00:00+00:00
97.75,150630,108.047945927929,255.29,2.39,88.9,14322.1,18500.0,336.6,8.6,330240.0,199.1,201.7,3.7,2.9,206452621.975334,2019-05-01 00:00:00+00:00
96.129997,150797,108.069463371826,255.159,2.38,88.8,14376.6,18539.1,342.9,8.5,330393.0,197.0,200.3,3.6,2.7,206567089.400526,2019-06-01 00:00:00+00:00
98.519997,150879,108.25004113629,255.685,2.4,88.9,14448.3,18573.3,346.8,8.4,330553.0,197.5,200.7,3.7,2.6,206406260.881787,2019-07-01 00:00:00+00:00
98.919998,151111,108.24455629765,256.059,2.13,89.0,14487.0,18670.6,347.8,8.7,330729.0,196.4,199.2,3.7,2.7,206409629.130554,2019-08-01 00:00:00+00:00
99.379997,151318,108.329360341241,256.511,2.04,89.1,14511.2,18722.6,345.9,8.9,330904.0,195.9,198.4,3.5,2.8,206340650.820385,2019-09-01 00:00:00+00:00
97.349998,151447,108.577021901383,257.244,1.83,89.0,14554.2,18791.9,344.8,8.9,331066.0,196.6,198.6,3.6,2.5,206243123.37191495,2019-10-01 00:00:00+00:00
98.269997,151662,108.518798229663,257.803,1.55,89.2,14613.8,18880.2,345.1,8.9,331213.0,196.5,199.0,3.6,2.5,206319010.023126,2019-11-01 00:00:00+00:00
96.389999,151764,108.420071134138,258.616,1.55,89.1,14689.2,18854.8,346.8,8.3,331345.0,196.4,199.0,3.6,2.3,206391384.862959,2019-12-01 00:00:00+00:00
97.389999,152098,108.84071606678,259.037,1.55,89.4,14728.8,19065.2,346.1,9.1,331443.0,196.6,199.3,3.5,2.5,205728425.963236,2020-01-01 00:00:00+00:00
98.129997,152371,109.139006906678,259.248,1.58,89.2,14785.7,19197.0,344.6,9.3,331525.0,195.1,196.7,3.5,2.4,205599412.834948,2020-02-01 00:00:00+00:00
99.050003,150944,108.901471202488,258.124,0.65,89.1,13806.0,18838.8,321.6,13.8,331634.0,192.3,193.1,4.4,2.2,205438908.897841,2020-03-01 00:00:00+00:00
99.019997,130430,108.173253395326,256.092,0.05,86.4,12082.4,21050.3,290.3,33.8,331684.0,186.1,185.5,14.7,2.1,206960543.251994,2020-04-01 00:00:00+00:00
98.339996,133055,108.175362948649,255.868,0.05,87.2,13129.4,20216.6,273.0,24.9,331685.0,188.9,188.6,13.2,3.2,206768663.885903,2020-05-01 00:00:00+00:00
97.389999,137620,108.767303611133,256.986,0.08,87.8,13937.5,20171.3,255.8,20.1,331728.0,190.2,191.2,11.0,3.0,205477881.142368,2020-06-01 00:00:00+00:00
93.489998,139064,109.317475117819,258.278,0.09,87.6,14230.1,20379.3,264.5,19.2,331795.0,192.3,193.0,10.2,3.0,205343253.869397,2020-07-01 00:00:00+00:00
92.139999,140799,109.662176130826,259.411,0.1,88.0,14352.8,19773.2,272.6,15.5,331870.0,193.0,194.3,8.4,3.1,205776571.962796,2020-08-01 00:00:00+00:00
93.889999,141760,109.814907791424,260.029,0.09,87.6,14583.3,19905.2,280.3,14.6,331950.0,192.9,195.5,7.9,2.6,206140481.719758,2020-09-01 00:00:00+00:00
94.040001,142479,109.860474143205,260.286,0.09,87.8,14626.1,19878.9,266.3,14.0,332025.0,193.7,196.5,6.9,2.6,206083357.195755,2020-10-01 00:00:00+00:00
91.870003,142743,109.793390347528,260.813,0.09,87.4,14561.0,19692.2,253.7,13.3,332063.0,194.5,198.3,6.7,2.8,206168045.857647,2020-11-01 00:00:00+00:00
89.940002,142475,109.896758460364,262.035,0.09,87.4,14571.1,19819.7,242.2,13.8,332047.0,196.7,200.5,6.7,2.5,206076857.167674,2020-12-01 00:00:00+00:00
90.580002,142969,110.36423547678,262.65,0.09,87.6,14932.2,21725.4,250.2,20.0,331992.0,199.6,204.8,6.3,3.0,204939775.645013,2021-01-01 00:00:00+00:00
90.93,143544,110.968411548539,263.638,0.08,87.6,14843.2,20189.4,258.2,13.4,331968.0,203.1,210.6,6.2,3.3,204891740.291653,2021-02-01 00:00:00+00:00
93.230003,144328,111.754431116755,264.914,0.07,87.6,15619.1,24371.9,266.4,26.3,332007.0,207.9,215.0,6.1,3.1,205002235.106414,2021-03-01 00:00:00+00:00
91.279999,144614,112.672930633668,266.67,0.07,87.8,15712.6,21180.9,271.4,12.8,332073.0,210.1,217.9,6.1,3.4,205377734.465275,2021-04-01 00:00:00+00:00
89.839996,145096,113.576241366653,268.444,0.06,87.9,15767.9,20769.3,275.7,10.3,332144.0,215.1,224.9,5.8,4.6,205601075.415017,2021-05-01 00:00:00+00:00
92.440002,145789,114.631439938907,270.559,0.08,88.1,15960.1,20798.9,279.4,9.3,332231.0,217.9,228.9,5.9,4.2,205363239.188096,2021-06-01 00:00:00+00:00
92.169998,146558,115.182877177586,271.764,0.1,88.3,16027.9,21023.3,280.1,9.9,332358.0,219.492,231.85,5.4,4.7,205331562.142142,2021-07-01 00:00:00+00:00
92.629997,147221,115.420834792441,272.87,0.09,88.3,16146.0,21082.7,281.1,9.5,332489.0,220.114,233.415,5.2,4.6,205351751.127088,2021-08-01 00:00:00+00:00
94.25,147778,115.734314416265,274.028,0.08,88.1,16268.0,20909.7,282.3,7.9,332594.0,221.869,235.678,4.8,4.6,205484117.65858305,2021-09-01 00:00:00+00:00
94.120003,148559,116.695848820971,276.522,0.08,88.1,16473.7,21073.0,282.7,7.3,332692.0,225.478,240.465,4.5,4.8,205387307.985105,2021-10-01 00:00:00+00:00
95.989998,149173,117.269225414211,278.711,0.08,88.2,16557.9,21176.6,282.9,7.1,332790.0,227.109,243.287,4.2,4.9,205359963.62291,2021-11-01 00:00:00+00:00
95.669998,149742,117.62953712181,280.887,0.08,88.0,16522.4,21236.8,282.7,7.5,332876.0,226.47,241.338,3.9,4.8,205310712.77856895,2021-12-01 00:00:00+00:00
96.540001,150106,118.619339541046,282.599,0.08,88.2,16725.6,21205.7,288.1,4.7,332918.0,231.495,246.453,4.0,4.9,207093740.018198,2022-01-01 00:00:00+00:00
96.709999,151010,119.70280612783,284.61,0.08,88.8,16844.5,21319.5,293.5,4.5,332959.0,237.245,252.66,3.8,4.9,207089316.787788,2022-02-01 00:00:00+00:00
98.309998,151424,121.301003725471,287.472,0.2,88.6,17054.2,21434.3,298.8,3.8,333056.0,245.404,260.014,3.6,5.4,206999938.04118,2022-03-01 00:00:00+00:00
102.959999,151678,121.978170342212,288.611,0.33,88.7,17115.6,21474.1,306.0,3.6,333184.0,249.56,265.31,3.6,5.4,207059872.45869905,2022-04-01 00:00:00+00:00
101.75,152042,123.322799630406,291.268,0.77,88.7,17231.1,21573.6,313.1,3.4,333317.0,256.396,273.251,3.6,5.3,207271740.520427,2022-05-01 00:00:00+00:00
104.690002,152412,125.016770948919,294.728,1.21,88.4,17437.4,21687.0,320.2,2.7,333460.0,262.418,280.251,3.6,5.3,207401445.395108,2022-06-01 00:00:00+00:00
105.900002,152980,125.002004075657,294.628,1.68,88.5,17420.3,21852.3,338.7,3.5,333624.0,256.526,272.274,3.5,5.2,207420666.162517,2022-07-01 00:00:00+00:00
108.699997,153332,124.95770345587,295.32,2.33,88.6,17550.9,21975.8,357.1,3.2,333799.0,251.494,269.546,3.7,4.8,207387036.061424,2022-08-01 00:00:00+00:00
112.120003,153682,125.226460549243,296.539,2.56,88.7,17656.8,22080.4,375.6,3.0,333976.0,251.891,267.898,3.5,4.7,207471745.25549,2022-09-01 00:00:00+00:00
111.529999,154006,125.734440989465,297.987,3.08,88.5,17778.2,22201.9,389.1,3.0,334141.0,254.03,265.061,3.7,5.0,207457692.598654,2022-10-01 00:00:00+00:00
105.949997,154296,125.607445879409,298.598,3.78,88.4,17735.0,22240.1,402.6,3.5,334287.0,252.905,263.157,3.6,4.9,207513059.336145,2022-11-01 00:00:00+00:00
103.519997,154535,125.221819531932,298.99,4.1,88.5,17736.5,22281.9,416.1,3.7,334420.0,245.115,257.897,3.5,4.4,207509052.236326,2022-12-01 00:00:00+00:00
102.099998,155007,126.223013539113,300.536,4.33,88.5,18076.6,22432.0,425.8,4.0,334533.0,249.178,260.227,3.4,3.9,208124162.297136,2023-01-01 00:00:00+00:00
104.870003,155255,126.927604349055,301.648,4.57,88.9,18123.9,22520.6,435.5,4.3,334637.0,249.308,258.669,3.6,4.1,208233187.57934695,2023-02-01 00:00:00+00:00
102.510002,155472,127.347827371032,301.808,4.65,89.1,18138.7,22605.1,445.1,4.6,334753.0,248.98,257.062,3.5,3.6,208273252.009758,2023-03-01 00:00:00+00:00
101.669998,155689,127.992084955931,302.918,4.83,89.2,18249.9,22662.7,453.9,4.3,334880.0,248.582,256.908,3.4,4.6,208386960.240031,2023-04-01 00:00:00+00:00
104.32,155970,128.314424703713,303.294,5.06,89.1,18282.8,22766.8,462.6,4.6,335013.0,246.286,253.746,3.7,4.2,208611614.288991,2023-05-01 00:00:00+00:00
102.910004,156155,128.728740976386,303.841,5.08,89.2,18383.2,22836.3,471.4,4.3,335163.0,245.95,253.951,3.6,3.3,208716240.585714,2023-06-01 00:00:00+00:00
