periodDateUtc,unemployment,ManufacturingPMI,ServicesPMI,IndustrialProduction,AverageHourlyEarnings,MonthlyBudget,OLTSJobOpenings,ProducerPriceIndex_FoodEnergyMoM,ProducerPriceIndex_FoodEnergyYoY,RetailSales,RetailSalesControlGroup,ConsumerInflationExpectation,ManufacturingPricesPaid,CompositePMI,FactoryOrders,ManufacturingEmploymentIndex,ManufacturingNewOrdersIndex,ISMManufacturing
2023-05,3.7,48.4,54.9,-0.2,0.30000000000000004,-240.0,9.824,0.2,2.8,0.30000000000000004,0.2,3.1,44.2,54.3,0.30000000000000004,51.4,46.9,46.9
2023-05,3.7,48.4,54.9,-0.2,0.30000000000000004,-240.0,9.824,0.2,2.8,0.30000000000000004,0.2,3.1,44.2,54.5,0.30000000000000004,51.4,46.9,46.9
2023-05,3.7,48.4,54.9,-0.2,0.30000000000000004,-240.0,9.824,0.2,2.8,0.30000000000000004,0.2,3.2,44.2,54.3,0.30000000000000004,51.4,46.9,46.9
2023-05,3.7,48.4,54.9,-0.2,0.30000000000000004,-240.0,9.824,0.2,2.8,0.30000000000000004,0.2,3.2,44.2,54.5,0.30000000000000004,51.4,46.9,46.9
2023-05,3.7,48.4,55.1,-0.2,0.30000000000000004,-240.0,9.824,0.2,2.8,0.30000000000000004,0.2,3.1,44.2,54.3,0.30000000000000004,51.4,46.9,46.9
2023-05,3.7,48.4,55.1,-0.2,0.30000000000000004,-240.0,9.824,0.2,2.8,0.30000000000000004,0.2,3.1,44.2,54.5,0.30000000000000004,51.4,46.9,46.9
2023-05,3.7,48.4,55.1,-0.2,0.30000000000000004,-240.0,9.824,0.2,2.8,0.30000000000000004,0.2,3.2,44.2,54.3,0.30000000000000004,51.4,46.9,46.9
2023-05,3.7,48.4,55.1,-0.2,0.30000000000000004,-240.0,9.824,0.2,2.8,0.30000000000000004,0.2,3.2,44.2,54.5,0.30000000000000004,51.4,46.9,46.9
2023-05,3.7,48.5,54.9,-0.2,0.30000000000000004,-240.0,9.824,0.2,2.8,0.30000000000000004,0.2,3.1,44.2,54.3,0.30000000000000004,51.4,46.9,46.9
2023-05,3.7,48.5,54.9,-0.2,0.30000000000000004,-240.0,9.824,0.2,2.8,0.30000000000000004,0.2,3.1,44.2,54.5,0.30000000000000004,51.4,46.9,46.9
2023-05,3.7,48.5,54.9,-0.2,0.30000000000000004,-240.0,9.824,0.2,2.8,0.30000000000000004,0.2,3.2,44.2,54.3,0.30000000000000004,51.4,46.9,46.9
2023-05,3.7,48.5,54.9,-0.2,0.30000000000000004,-240.0,9.824,0.2,2.8,0.30000000000000004,0.2,3.2,44.2,54.5,0.30000000000000004,51.4,46.9,46.9
2023-05,3.7,48.5,55.1,-0.2,0.30000000000000004,-240.0,9.824,0.2,2.8,0.30000000000000004,0.2,3.1,44.2,54.3,0.30000000000000004,51.4,46.9,46.9
2023-05,3.7,48.5,55.1,-0.2,0.30000000000000004,-240.0,9.824,0.2,2.8,0.30000000000000004,0.2,3.1,44.2,54.5,0.30000000000000004,51.4,46.9,46.9
2023-05,3.7,48.5,55.1,-0.2,0.30000000000000004,-240.0,9.824,0.2,2.8,0.30000000000000004,0.2,3.2,44.2,54.3,0.30000000000000004,51.4,46.9,46.9
2023-05,3.7,48.5,55.1,-0.2,0.30000000000000004,-240.0,9.824,0.2,2.8,0.30000000000000004,0.2,3.2,44.2,54.5,0.30000000000000004,51.4,46.9,46.9
2023-04,3.4,50.2,53.6,0.5,0.5,176.0,10.103,0.2,3.2,0.4,0.7000000000000001,3.0,53.2,53.4,0.4,50.2,47.1,47.1
2023-04,3.4,50.2,53.6,0.5,0.5,176.0,10.103,0.2,3.2,0.4,0.7000000000000001,3.0,53.2,53.5,0.4,50.2,47.1,47.1
2023-04,3.4,50.2,53.6,0.5,0.5,176.0,10.103,0.2,3.2,0.4,0.7000000000000001,2.9,53.2,53.4,0.4,50.2,47.1,47.1
2023-04,3.4,50.2,53.6,0.5,0.5,176.0,10.103,0.2,3.2,0.4,0.7000000000000001,2.9,53.2,53.5,0.4,50.2,47.1,47.1
2023-04,3.4,50.2,53.7,0.5,0.5,176.0,10.103,0.2,3.2,0.4,0.7000000000000001,3.0,53.2,53.4,0.4,50.2,47.1,47.1
2023-04,3.4,50.2,53.7,0.5,0.5,176.0,10.103,0.2,3.2,0.4,0.7000000000000001,3.0,53.2,53.5,0.4,50.2,47.1,47.1
2023-04,3.4,50.2,53.7,0.5,0.5,176.0,10.103,0.2,3.2,0.4,0.7000000000000001,2.9,53.2,53.4,0.4,50.2,47.1,47.1
2023-04,3.4,50.2,53.7,0.5,0.5,176.0,10.103,0.2,3.2,0.4,0.7000000000000001,2.9,53.2,53.5,0.4,50.2,47.1,47.1
2023-04,3.4,50.4,53.6,0.5,0.5,176.0,10.103,0.2,3.2,0.4,0.7000000000000001,3.0,53.2,53.4,0.4,50.2,47.1,47.1
2023-04,3.4,50.4,53.6,0.5,0.5,176.0,10.103,0.2,3.2,0.4,0.7000000000000001,3.0,53.2,53.5,0.4,50.2,47.1,47.1
2023-04,3.4,50.4,53.6,0.5,0.5,176.0,10.103,0.2,3.2,0.4,0.7000000000000001,2.9,53.2,53.4,0.4,50.2,47.1,47.1
2023-04,3.4,50.4,53.6,0.5,0.5,176.0,10.103,0.2,3.2,0.4,0.7000000000000001,2.9,53.2,53.5,0.4,50.2,47.1,47.1
2023-04,3.4,50.4,53.7,0.5,0.5,176.0,10.103,0.2,3.2,0.4,0.7000000000000001,3.0,53.2,53.4,0.4,50.2,47.1,47.1
2023-04,3.4,50.4,53.7,0.5,0.5,176.0,10.103,0.2,3.2,0.4,0.7000000000000001,3.0,53.2,53.5,0.4,50.2,47.1,47.1
2023-04,3.4,50.4,53.7,0.5,0.5,176.0,10.103,0.2,3.2,0.4,0.7000000000000001,2.9,53.2,53.4,0.4,50.2,47.1,47.1
2023-04,3.4,50.4,53.7,0.5,0.5,176.0,10.103,0.2,3.2,0.4,0.7000000000000001,2.9,53.2,53.5,0.4,50.2,47.1,47.1
2023-03,3.5,49.2,52.6,0.4,0.30000000000000004,-378.0,9.59,-0.1,3.4,-1.0,-0.30000000000000004,2.9,49.2,52.3,0.9,46.9,46.3,46.3
2023-03,3.5,49.2,52.6,0.4,0.30000000000000004,-378.0,9.59,-0.1,3.4,-1.0,-0.30000000000000004,2.9,49.2,53.3,0.9,46.9,46.3,46.3
2023-03,3.5,49.2,52.6,0.4,0.30000000000000004,-378.0,9.59,-0.1,3.4,-1.0,-0.30000000000000004,2.8,49.2,52.3,0.9,46.9,46.3,46.3
2023-03,3.5,49.2,52.6,0.4,0.30000000000000004,-378.0,9.59,-0.1,3.4,-1.0,-0.30000000000000004,2.8,49.2,53.3,0.9,46.9,46.3,46.3
2023-03,3.5,49.2,53.8,0.4,0.30000000000000004,-378.0,9.59,-0.1,3.4,-1.0,-0.30000000000000004,2.9,49.2,52.3,0.9,46.9,46.3,46.3
2023-03,3.5,49.2,53.8,0.4,0.30000000000000004,-378.0,9.59,-0.1,3.4,-1.0,-0.30000000000000004,2.9,49.2,53.3,0.9,46.9,46.3,46.3
2023-03,3.5,49.2,53.8,0.4,0.30000000000000004,-378.0,9.59,-0.1,3.4,-1.0,-0.30000000000000004,2.8,49.2,52.3,0.9,46.9,46.3,46.3
2023-03,3.5,49.2,53.8,0.4,0.30000000000000004,-378.0,9.59,-0.1,3.4,-1.0,-0.30000000000000004,2.8,49.2,53.3,0.9,46.9,46.3,46.3
2023-03,3.5,49.3,52.6,0.4,0.30000000000000004,-378.0,9.59,-0.1,3.4,-1.0,-0.30000000000000004,2.9,49.2,52.3,0.9,46.9,46.3,46.3
2023-03,3.5,49.3,52.6,0.4,0.30000000000000004,-378.0,9.59,-0.1,3.4,-1.0,-0.30000000000000004,2.9,49.2,53.3,0.9,46.9,46.3,46.3
2023-03,3.5,49.3,52.6,0.4,0.30000000000000004,-378.0,9.59,-0.1,3.4,-1.0,-0.30000000000000004,2.8,49.2,52.3,0.9,46.9,46.3,46.3
2023-03,3.5,49.3,52.6,0.4,0.30000000000000004,-378.0,9.59,-0.1,3.4,-1.0,-0.30000000000000004,2.8,49.2,53.3,0.9,46.9,46.3,46.3
2023-03,3.5,49.3,53.8,0.4,0.30000000000000004,-378.0,9.59,-0.1,3.4,-1.0,-0.30000000000000004,2.9,49.2,52.3,0.9,46.9,46.3,46.3
2023-03,3.5,49.3,53.8,0.4,0.30000000000000004,-378.0,9.59,-0.1,3.4,-1.0,-0.30000000000000004,2.9,49.2,53.3,0.9,46.9,46.3,46.3
2023-03,3.5,49.3,53.8,0.4,0.30000000000000004,-378.0,9.59,-0.1,3.4,-1.0,-0.30000000000000004,2.8,49.2,52.3,0.9,46.9,46.3,46.3
2023-03,3.5,49.3,53.8,0.4,0.30000000000000004,-378.0,9.59,-0.1,3.4,-1.0,-0.30000000000000004,2.8,49.2,53.3,0.9,46.9,46.3,46.3
2023-02,3.6,47.3,50.6,0.0,0.2,-262.0,9.931000000000001,0.0,4.4,-0.4,0.5,2.9,51.3,50.1,-0.7000000000000001,49.1,47.7,47.7
2023-02,3.6,47.3,50.6,0.0,0.2,-262.0,9.931000000000001,0.0,4.4,-0.4,0.5,2.9,51.3,50.2,-0.7000000000000001,49.1,47.7,47.7
2023-02,3.6,47.3,50.6,0.0,0.2,-262.0,9.931000000000001,0.0,4.4,-0.4,0.5,2.9,51.3,50.1,-0.7000000000000001,49.1,47.7,47.7
2023-02,3.6,47.3,50.6,0.0,0.2,-262.0,9.931000000000001,0.0,4.4,-0.4,0.5,2.9,51.3,50.2,-0.7000000000000001,49.1,47.7,47.7
2023-02,3.6,47.3,50.5,0.0,0.2,-262.0,9.931000000000001,0.0,4.4,-0.4,0.5,2.9,51.3,50.1,-0.7000000000000001,49.1,47.7,47.7
2023-02,3.6,47.3,50.5,0.0,0.2,-262.0,9.931000000000001,0.0,4.4,-0.4,0.5,2.9,51.3,50.2,-0.7000000000000001,49.1,47.7,47.7
2023-02,3.6,47.3,50.5,0.0,0.2,-262.0,9.931000000000001,0.0,4.4,-0.4,0.5,2.9,51.3,50.1,-0.7000000000000001,49.1,47.7,47.7
2023-02,3.6,47.3,50.5,0.0,0.2,-262.0,9.931000000000001,0.0,4.4,-0.4,0.5,2.9,51.3,50.2,-0.7000000000000001,49.1,47.7,47.7
2023-02,3.6,47.8,50.6,0.0,0.2,-262.0,9.931000000000001,0.0,4.4,-0.4,0.5,2.9,51.3,50.1,-0.7000000000000001,49.1,47.7,47.7
2023-02,3.6,47.8,50.6,0.0,0.2,-262.0,9.931000000000001,0.0,4.4,-0.4,0.5,2.9,51.3,50.2,-0.7000000000000001,49.1,47.7,47.7
2023-02,3.6,47.8,50.6,0.0,0.2,-262.0,9.931000000000001,0.0,4.4,-0.4,0.5,2.9,51.3,50.1,-0.7000000000000001,49.1,47.7,47.7
2023-02,3.6,47.8,50.6,0.0,0.2,-262.0,9.931000000000001,0.0,4.4,-0.4,0.5,2.9,51.3,50.2,-0.7000000000000001,49.1,47.7,47.7
2023-02,3.6,47.8,50.5,0.0,0.2,-262.0,9.931000000000001,0.0,4.4,-0.4,0.5,2.9,51.3,50.1,-0.7000000000000001,49.1,47.7,47.7
2023-02,3.6,47.8,50.5,0.0,0.2,-262.0,9.931000000000001,0.0,4.4,-0.4,0.5,2.9,51.3,50.2,-0.7000000000000001,49.1,47.7,47.7
2023-02,3.6,47.8,50.5,0.0,0.2,-262.0,9.931000000000001,0.0,4.4,-0.4,0.5,2.9,51.3,50.1,-0.7000000000000001,49.1,47.7,47.7
2023-02,3.6,47.8,50.5,0.0,0.2,-262.0,9.931000000000001,0.0,4.4,-0.4,0.5,2.9,51.3,50.2,-0.7000000000000001,49.1,47.7,47.7
2023-01,3.4,46.9,46.8,0.0,0.30000000000000004,-39.0,10.824,0.5,5.4,3.0,1.7000000000000002,2.9,44.5,46.8,-1.6,50.6,47.4,47.4
2023-01,3.4,46.9,46.8,0.0,0.30000000000000004,-39.0,10.824,0.5,5.4,3.0,1.7000000000000002,2.9,44.5,46.6,-1.6,50.6,47.4,47.4
2023-01,3.4,46.9,46.8,0.0,0.30000000000000004,-39.0,10.824,0.5,5.4,3.0,1.7000000000000002,3.0,44.5,46.8,-1.6,50.6,47.4,47.4
2023-01,3.4,46.9,46.8,0.0,0.30000000000000004,-39.0,10.824,0.5,5.4,3.0,1.7000000000000002,3.0,44.5,46.6,-1.6,50.6,47.4,47.4
2023-01,3.4,46.9,46.6,0.0,0.30000000000000004,-39.0,10.824,0.5,5.4,3.0,1.7000000000000002,2.9,44.5,46.8,-1.6,50.6,47.4,47.4
2023-01,3.4,46.9,46.6,0.0,0.30000000000000004,-39.0,10.824,0.5,5.4,3.0,1.7000000000000002,2.9,44.5,46.6,-1.6,50.6,47.4,47.4
2023-01,3.4,46.9,46.6,0.0,0.30000000000000004,-39.0,10.824,0.5,5.4,3.0,1.7000000000000002,3.0,44.5,46.8,-1.6,50.6,47.4,47.4
2023-01,3.4,46.9,46.6,0.0,0.30000000000000004,-39.0,10.824,0.5,5.4,3.0,1.7000000000000002,3.0,44.5,46.6,-1.6,50.6,47.4,47.4
2023-01,3.4,46.8,46.8,0.0,0.30000000000000004,-39.0,10.824,0.5,5.4,3.0,1.7000000000000002,2.9,44.5,46.8,-1.6,50.6,47.4,47.4
2023-01,3.4,46.8,46.8,0.0,0.30000000000000004,-39.0,10.824,0.5,5.4,3.0,1.7000000000000002,2.9,44.5,46.6,-1.6,50.6,47.4,47.4
2023-01,3.4,46.8,46.8,0.0,0.30000000000000004,-39.0,10.824,0.5,5.4,3.0,1.7000000000000002,3.0,44.5,46.8,-1.6,50.6,47.4,47.4
2023-01,3.4,46.8,46.8,0.0,0.30000000000000004,-39.0,10.824,0.5,5.4,3.0,1.7000000000000002,3.0,44.5,46.6,-1.6,50.6,47.4,47.4
2023-01,3.4,46.8,46.6,0.0,0.30000000000000004,-39.0,10.824,0.5,5.4,3.0,1.7000000000000002,2.9,44.5,46.8,-1.6,50.6,47.4,47.4
2023-01,3.4,46.8,46.6,0.0,0.30000000000000004,-39.0,10.824,0.5,5.4,3.0,1.7000000000000002,2.9,44.5,46.6,-1.6,50.6,47.4,47.4
2023-01,3.4,46.8,46.6,0.0,0.30000000000000004,-39.0,10.824,0.5,5.4,3.0,1.7000000000000002,3.0,44.5,46.8,-1.6,50.6,47.4,47.4
2023-01,3.4,46.8,46.6,0.0,0.30000000000000004,-39.0,10.824,0.5,5.4,3.0,1.7000000000000002,3.0,44.5,46.6,-1.6,50.6,47.4,47.4
2022-12,3.5,46.2,44.7,-0.7000000000000001,0.30000000000000004,-85.0,11.012,0.1,5.5,-1.1,-0.7000000000000001,2.9,39.4,45.0,1.8,51.4,48.4,48.4
2022-12,3.5,46.2,44.7,-0.7000000000000001,0.30000000000000004,-85.0,11.012,0.1,5.5,-1.1,-0.7000000000000001,2.9,39.4,44.6,1.8,51.4,48.4,48.4
2022-12,3.5,46.2,44.7,-0.7000000000000001,0.30000000000000004,-85.0,11.012,0.1,5.5,-1.1,-0.7000000000000001,3.0,39.4,45.0,1.8,51.4,48.4,48.4
2022-12,3.5,46.2,44.7,-0.7000000000000001,0.30000000000000004,-85.0,11.012,0.1,5.5,-1.1,-0.7000000000000001,3.0,39.4,44.6,1.8,51.4,48.4,48.4
2022-12,3.5,46.2,44.4,-0.7000000000000001,0.30000000000000004,-85.0,11.012,0.1,5.5,-1.1,-0.7000000000000001,2.9,39.4,45.0,1.8,51.4,48.4,48.4
2022-12,3.5,46.2,44.4,-0.7000000000000001,0.30000000000000004,-85.0,11.012,0.1,5.5,-1.1,-0.7000000000000001,2.9,39.4,44.6,1.8,51.4,48.4,48.4
2022-12,3.5,46.2,44.4,-0.7000000000000001,0.30000000000000004,-85.0,11.012,0.1,5.5,-1.1,-0.7000000000000001,3.0,39.4,45.0,1.8,51.4,48.4,48.4
2022-12,3.5,46.2,44.4,-0.7000000000000001,0.30000000000000004,-85.0,11.012,0.1,5.5,-1.1,-0.7000000000000001,3.0,39.4,44.6,1.8,51.4,48.4,48.4
2022-12,3.5,46.2,44.7,-0.7000000000000001,0.30000000000000004,-85.0,11.012,0.1,5.5,-1.1,-0.7000000000000001,2.9,39.4,45.0,1.8,51.4,48.4,48.4
2022-12,3.5,46.2,44.7,-0.7000000000000001,0.30000000000000004,-85.0,11.012,0.1,5.5,-1.1,-0.7000000000000001,2.9,39.4,44.6,1.8,51.4,48.4,48.4
2022-12,3.5,46.2,44.7,-0.7000000000000001,0.30000000000000004,-85.0,11.012,0.1,5.5,-1.1,-0.7000000000000001,3.0,39.4,45.0,1.8,51.4,48.4,48.4
2022-12,3.5,46.2,44.7,-0.7000000000000001,0.30000000000000004,-85.0,11.012,0.1,5.5,-1.1,-0.7000000000000001,3.0,39.4,44.6,1.8,51.4,48.4,48.4
2022-12,3.5,46.2,44.4,-0.7000000000000001,0.30000000000000004,-85.0,11.012,0.1,5.5,-1.1,-0.7000000000000001,2.9,39.4,45.0,1.8,51.4,48.4,48.4
2022-12,3.5,46.2,44.4,-0.7000000000000001,0.30000000000000004,-85.0,11.012,0.1,5.5,-1.1,-0.7000000000000001,2.9,39.4,44.6,1.8,51.4,48.4,48.4
2022-12,3.5,46.2,44.4,-0.7000000000000001,0.30000000000000004,-85.0,11.012,0.1,5.5,-1.1,-0.7000000000000001,3.0,39.4,45.0,1.8,51.4,48.4,48.4
2022-12,3.5,46.2,44.4,-0.7000000000000001,0.30000000000000004,-85.0,11.012,0.1,5.5,-1.1,-0.7000000000000001,3.0,39.4,44.6,1.8,51.4,48.4,48.4
2022-11,3.7,47.7,46.2,-0.2,0.6000000000000001,-249.0,10.458,0.4,6.2,-0.6000000000000001,-0.2,3.0,43.0,46.4,-1.8,48.4,49.0,49.0
2022-11,3.7,47.7,46.2,-0.2,0.6000000000000001,-249.0,10.458,0.4,6.2,-0.6000000000000001,-0.2,3.0,43.0,46.3,-1.8,48.4,49.0,49.0
2022-11,3.7,47.7,46.2,-0.2,0.6000000000000001,-249.0,10.458,0.4,6.2,-0.6000000000000001,-0.2,3.0,43.0,46.4,-1.8,48.4,49.0,49.0
2022-11,3.7,47.7,46.2,-0.2,0.6000000000000001,-249.0,10.458,0.4,6.2,-0.6000000000000001,-0.2,3.0,43.0,46.3,-1.8,48.4,49.0,49.0
2022-11,3.7,47.7,46.1,-0.2,0.6000000000000001,-249.0,10.458,0.4,6.2,-0.6000000000000001,-0.2,3.0,43.0,46.4,-1.8,48.4,49.0,49.0
2022-11,3.7,47.7,46.1,-0.2,0.6000000000000001,-249.0,10.458,0.4,6.2,-0.6000000000000001,-0.2,3.0,43.0,46.3,-1.8,48.4,49.0,49.0
2022-11,3.7,47.7,46.1,-0.2,0.6000000000000001,-249.0,10.458,0.4,6.2,-0.6000000000000001,-0.2,3.0,43.0,46.4,-1.8,48.4,49.0,49.0
2022-11,3.7,47.7,46.1,-0.2,0.6000000000000001,-249.0,10.458,0.4,6.2,-0.6000000000000001,-0.2,3.0,43.0,46.3,-1.8,48.4,49.0,49.0
2022-11,3.7,47.6,46.2,-0.2,0.6000000000000001,-249.0,10.458,0.4,6.2,-0.6000000000000001,-0.2,3.0,43.0,46.4,-1.8,48.4,49.0,49.0
2022-11,3.7,47.6,46.2,-0.2,0.6000000000000001,-249.0,10.458,0.4,6.2,-0.6000000000000001,-0.2,3.0,43.0,46.3,-1.8,48.4,49.0,49.0
2022-11,3.7,47.6,46.2,-0.2,0.6000000000000001,-249.0,10.458,0.4,6.2,-0.6000000000000001,-0.2,3.0,43.0,46.4,-1.8,48.4,49.0,49.0
2022-11,3.7,47.6,46.2,-0.2,0.6000000000000001,-249.0,10.458,0.4,6.2,-0.6000000000000001,-0.2,3.0,43.0,46.3,-1.8,48.4,49.0,49.0
2022-11,3.7,47.6,46.1,-0.2,0.6000000000000001,-249.0,10.458,0.4,6.2,-0.6000000000000001,-0.2,3.0,43.0,46.4,-1.8,48.4,49.0,49.0
2022-11,3.7,47.6,46.1,-0.2,0.6000000000000001,-249.0,10.458,0.4,6.2,-0.6000000000000001,-0.2,3.0,43.0,46.3,-1.8,48.4,49.0,49.0
2022-11,3.7,47.6,46.1,-0.2,0.6000000000000001,-249.0,10.458,0.4,6.2,-0.6000000000000001,-0.2,3.0,43.0,46.4,-1.8,48.4,49.0,49.0
2022-11,3.7,47.6,46.1,-0.2,0.6000000000000001,-249.0,10.458,0.4,6.2,-0.6000000000000001,-0.2,3.0,43.0,46.3,-1.8,48.4,49.0,49.0
2022-10,3.7,50.4,47.8,-0.1,0.4,-88.0,10.334,0.0,6.7,1.3,0.7000000000000001,2.9,46.6,48.2,1.0,50.0,50.2,50.2
2022-10,3.7,50.4,47.8,-0.1,0.4,-88.0,10.334,0.0,6.7,1.3,0.7000000000000001,2.9,46.6,47.3,1.0,50.0,50.2,50.2
2022-10,3.7,50.4,47.8,-0.1,0.4,-88.0,10.334,0.0,6.7,1.3,0.7000000000000001,2.9,46.6,48.2,1.0,50.0,50.2,50.2
2022-10,3.7,50.4,47.8,-0.1,0.4,-88.0,10.334,0.0,6.7,1.3,0.7000000000000001,2.9,46.6,47.3,1.0,50.0,50.2,50.2
2022-10,3.7,50.4,46.6,-0.1,0.4,-88.0,10.334,0.0,6.7,1.3,0.7000000000000001,2.9,46.6,48.2,1.0,50.0,50.2,50.2
2022-10,3.7,50.4,46.6,-0.1,0.4,-88.0,10.334,0.0,6.7,1.3,0.7000000000000001,2.9,46.6,47.3,1.0,50.0,50.2,50.2
2022-10,3.7,50.4,46.6,-0.1,0.4,-88.0,10.334,0.0,6.7,1.3,0.7000000000000001,2.9,46.6,48.2,1.0,50.0,50.2,50.2
2022-10,3.7,50.4,46.6,-0.1,0.4,-88.0,10.334,0.0,6.7,1.3,0.7000000000000001,2.9,46.6,47.3,1.0,50.0,50.2,50.2
2022-10,3.7,49.9,47.8,-0.1,0.4,-88.0,10.334,0.0,6.7,1.3,0.7000000000000001,2.9,46.6,48.2,1.0,50.0,50.2,50.2
2022-10,3.7,49.9,47.8,-0.1,0.4,-88.0,10.334,0.0,6.7,1.3,0.7000000000000001,2.9,46.6,47.3,1.0,50.0,50.2,50.2
2022-10,3.7,49.9,47.8,-0.1,0.4,-88.0,10.334,0.0,6.7,1.3,0.7000000000000001,2.9,46.6,48.2,1.0,50.0,50.2,50.2
2022-10,3.7,49.9,47.8,-0.1,0.4,-88.0,10.334,0.0,6.7,1.3,0.7000000000000001,2.9,46.6,47.3,1.0,50.0,50.2,50.2
2022-10,3.7,49.9,46.6,-0.1,0.4,-88.0,10.334,0.0,6.7,1.3,0.7000000000000001,2.9,46.6,48.2,1.0,50.0,50.2,50.2
2022-10,3.7,49.9,46.6,-0.1,0.4,-88.0,10.334,0.0,6.7,1.3,0.7000000000000001,2.9,46.6,47.3,1.0,50.0,50.2,50.2
2022-10,3.7,49.9,46.6,-0.1,0.4,-88.0,10.334,0.0,6.7,1.3,0.7000000000000001,2.9,46.6,48.2,1.0,50.0,50.2,50.2
2022-10,3.7,49.9,46.6,-0.1,0.4,-88.0,10.334,0.0,6.7,1.3,0.7000000000000001,2.9,46.6,47.3,1.0,50.0,50.2,50.2
2022-09,3.5,52.0,49.3,0.4,0.30000000000000004,-430.0,10.717,0.30000000000000004,7.2,0.0,0.4,2.7,51.7,49.5,0.30000000000000004,48.7,50.9,50.9
2022-09,3.5,52.0,49.3,0.4,0.30000000000000004,-430.0,10.717,0.30000000000000004,7.2,0.0,0.4,2.7,51.7,49.3,0.30000000000000004,48.7,50.9,50.9
2022-09,3.5,52.0,49.3,0.4,0.30000000000000004,-430.0,10.717,0.30000000000000004,7.2,0.0,0.4,2.8,51.7,49.5,0.30000000000000004,48.7,50.9,50.9
2022-09,3.5,52.0,49.3,0.4,0.30000000000000004,-430.0,10.717,0.30000000000000004,7.2,0.0,0.4,2.8,51.7,49.3,0.30000000000000004,48.7,50.9,50.9
2022-09,3.5,52.0,49.2,0.4,0.30000000000000004,-430.0,10.717,0.30000000000000004,7.2,0.0,0.4,2.7,51.7,49.5,0.30000000000000004,48.7,50.9,50.9
2022-09,3.5,52.0,49.2,0.4,0.30000000000000004,-430.0,10.717,0.30000000000000004,7.2,0.0,0.4,2.7,51.7,49.3,0.30000000000000004,48.7,50.9,50.9
2022-09,3.5,52.0,49.2,0.4,0.30000000000000004,-430.0,10.717,0.30000000000000004,7.2,0.0,0.4,2.8,51.7,49.5,0.30000000000000004,48.7,50.9,50.9
2022-09,3.5,52.0,49.2,0.4,0.30000000000000004,-430.0,10.717,0.30000000000000004,7.2,0.0,0.4,2.8,51.7,49.3,0.30000000000000004,48.7,50.9,50.9
2022-09,3.5,51.8,49.3,0.4,0.30000000000000004,-430.0,10.717,0.30000000000000004,7.2,0.0,0.4,2.7,51.7,49.5,0.30000000000000004,48.7,50.9,50.9
2022-09,3.5,51.8,49.3,0.4,0.30000000000000004,-430.0,10.717,0.30000000000000004,7.2,0.0,0.4,2.7,51.7,49.3,0.30000000000000004,48.7,50.9,50.9
2022-09,3.5,51.8,49.3,0.4,0.30000000000000004,-430.0,10.717,0.30000000000000004,7.2,0.0,0.4,2.8,51.7,49.5,0.30000000000000004,48.7,50.9,50.9
2022-09,3.5,51.8,49.3,0.4,0.30000000000000004,-430.0,10.717,0.30000000000000004,7.2,0.0,0.4,2.8,51.7,49.3,0.30000000000000004,48.7,50.9,50.9
2022-09,3.5,51.8,49.2,0.4,0.30000000000000004,-430.0,10.717,0.30000000000000004,7.2,0.0,0.4,2.7,51.7,49.5,0.30000000000000004,48.7,50.9,50.9
2022-09,3.5,51.8,49.2,0.4,0.30000000000000004,-430.0,10.717,0.30000000000000004,7.2,0.0,0.4,2.7,51.7,49.3,0.30000000000000004,48.7,50.9,50.9
2022-09,3.5,51.8,49.2,0.4,0.30000000000000004,-430.0,10.717,0.30000000000000004,7.2,0.0,0.4,2.8,51.7,49.5,0.30000000000000004,48.7,50.9,50.9
2022-09,3.5,51.8,49.2,0.4,0.30000000000000004,-430.0,10.717,0.30000000000000004,7.2,0.0,0.4,2.8,51.7,49.3,0.30000000000000004,48.7,50.9,50.9
2022-08,3.7,51.5,43.7,-0.2,0.30000000000000004,-220.0,10.053,0.4,7.3,0.30000000000000004,0.0,2.9,52.5,44.6,0.0,54.2,52.8,52.8
2022-08,3.7,51.5,43.7,-0.2,0.30000000000000004,-220.0,10.053,0.4,7.3,0.30000000000000004,0.0,2.9,52.5,45.0,0.0,54.2,52.8,52.8
2022-08,3.7,51.5,43.7,-0.2,0.30000000000000004,-220.0,10.053,0.4,7.3,0.30000000000000004,0.0,3.0,52.5,44.6,0.0,54.2,52.8,52.8
2022-08,3.7,51.5,43.7,-0.2,0.30000000000000004,-220.0,10.053,0.4,7.3,0.30000000000000004,0.0,3.0,52.5,45.0,0.0,54.2,52.8,52.8
2022-08,3.7,51.5,44.1,-0.2,0.30000000000000004,-220.0,10.053,0.4,7.3,0.30000000000000004,0.0,2.9,52.5,44.6,0.0,54.2,52.8,52.8
2022-08,3.7,51.5,44.1,-0.2,0.30000000000000004,-220.0,10.053,0.4,7.3,0.30000000000000004,0.0,2.9,52.5,45.0,0.0,54.2,52.8,52.8
2022-08,3.7,51.5,44.1,-0.2,0.30000000000000004,-220.0,10.053,0.4,7.3,0.30000000000000004,0.0,3.0,52.5,44.6,0.0,54.2,52.8,52.8
2022-08,3.7,51.5,44.1,-0.2,0.30000000000000004,-220.0,10.053,0.4,7.3,0.30000000000000004,0.0,3.0,52.5,45.0,0.0,54.2,52.8,52.8
2022-08,3.7,51.3,43.7,-0.2,0.30000000000000004,-220.0,10.053,0.4,7.3,0.30000000000000004,0.0,2.9,52.5,44.6,0.0,54.2,52.8,52.8
2022-08,3.7,51.3,43.7,-0.2,0.30000000000000004,-220.0,10.053,0.4,7.3,0.30000000000000004,0.0,2.9,52.5,45.0,0.0,54.2,52.8,52.8
2022-08,3.7,51.3,43.7,-0.2,0.30000000000000004,-220.0,10.053,0.4,7.3,0.30000000000000004,0.0,3.0,52.5,44.6,0.0,54.2,52.8,52.8
2022-08,3.7,51.3,43.7,-0.2,0.30000000000000004,-220.0,10.053,0.4,7.3,0.30000000000000004,0.0,3.0,52.5,45.0,0.0,54.2,52.8,52.8
2022-08,3.7,51.3,44.1,-0.2,0.30000000000000004,-220.0,10.053,0.4,7.3,0.30000000000000004,0.0,2.9,52.5,44.6,0.0,54.2,52.8,52.8
2022-08,3.7,51.3,44.1,-0.2,0.30000000000000004,-220.0,10.053,0.4,7.3,0.30000000000000004,0.0,2.9,52.5,45.0,0.0,54.2,52.8,52.8
2022-08,3.7,51.3,44.1,-0.2,0.30000000000000004,-220.0,10.053,0.4,7.3,0.30000000000000004,0.0,3.0,52.5,44.6,0.0,54.2,52.8,52.8
2022-08,3.7,51.3,44.1,-0.2,0.30000000000000004,-220.0,10.053,0.4,7.3,0.30000000000000004,0.0,3.0,52.5,45.0,0.0,54.2,52.8,52.8
2022-07,3.5,52.2,47.3,0.6000000000000001,0.5,-211.0,11.239,0.2,7.6,0.0,0.8,2.9,60.0,47.7,-1.0,49.9,52.8,52.8
2022-07,3.5,52.2,47.3,0.6000000000000001,0.5,-211.0,11.239,0.2,7.6,0.0,0.8,2.9,60.0,47.5,-1.0,49.9,52.8,52.8
2022-07,3.5,52.2,47.3,0.6000000000000001,0.5,-211.0,11.239,0.2,7.6,0.0,0.8,2.8,60.0,47.7,-1.0,49.9,52.8,52.8
2022-07,3.5,52.2,47.3,0.6000000000000001,0.5,-211.0,11.239,0.2,7.6,0.0,0.8,2.8,60.0,47.5,-1.0,49.9,52.8,52.8
2022-07,3.5,52.2,47.0,0.6000000000000001,0.5,-211.0,11.239,0.2,7.6,0.0,0.8,2.9,60.0,47.7,-1.0,49.9,52.8,52.8
2022-07,3.5,52.2,47.0,0.6000000000000001,0.5,-211.0,11.239,0.2,7.6,0.0,0.8,2.9,60.0,47.5,-1.0,49.9,52.8,52.8
2022-07,3.5,52.2,47.0,0.6000000000000001,0.5,-211.0,11.239,0.2,7.6,0.0,0.8,2.8,60.0,47.7,-1.0,49.9,52.8,52.8
2022-07,3.5,52.2,47.0,0.6000000000000001,0.5,-211.0,11.239,0.2,7.6,0.0,0.8,2.8,60.0,47.5,-1.0,49.9,52.8,52.8
2022-07,3.5,52.3,47.3,0.6000000000000001,0.5,-211.0,11.239,0.2,7.6,0.0,0.8,2.9,60.0,47.7,-1.0,49.9,52.8,52.8
2022-07,3.5,52.3,47.3,0.6000000000000001,0.5,-211.0,11.239,0.2,7.6,0.0,0.8,2.9,60.0,47.5,-1.0,49.9,52.8,52.8
2022-07,3.5,52.3,47.3,0.6000000000000001,0.5,-211.0,11.239,0.2,7.6,0.0,0.8,2.8,60.0,47.7,-1.0,49.9,52.8,52.8
2022-07,3.5,52.3,47.3,0.6000000000000001,0.5,-211.0,11.239,0.2,7.6,0.0,0.8,2.8,60.0,47.5,-1.0,49.9,52.8,52.8
2022-07,3.5,52.3,47.0,0.6000000000000001,0.5,-211.0,11.239,0.2,7.6,0.0,0.8,2.9,60.0,47.7,-1.0,49.9,52.8,52.8
2022-07,3.5,52.3,47.0,0.6000000000000001,0.5,-211.0,11.239,0.2,7.6,0.0,0.8,2.9,60.0,47.5,-1.0,49.9,52.8,52.8
2022-07,3.5,52.3,47.0,0.6000000000000001,0.5,-211.0,11.239,0.2,7.6,0.0,0.8,2.8,60.0,47.7,-1.0,49.9,52.8,52.8
2022-07,3.5,52.3,47.0,0.6000000000000001,0.5,-211.0,11.239,0.2,7.6,0.0,0.8,2.8,60.0,47.5,-1.0,49.9,52.8,52.8
2022-06,3.6,52.7,52.7,-0.2,0.30000000000000004,-89.0,10.698,0.4,8.2,1.0,0.8,3.1,78.5,52.3,2.0,47.3,53.0,53.0
2022-06,3.6,52.7,52.7,-0.2,0.30000000000000004,-89.0,10.698,0.4,8.2,1.0,0.8,3.1,78.5,51.2,2.0,47.3,53.0,53.0
2022-06,3.6,52.7,52.7,-0.2,0.30000000000000004,-89.0,10.698,0.4,8.2,1.0,0.8,3.3,78.5,52.3,2.0,47.3,53.0,53.0
2022-06,3.6,52.7,52.7,-0.2,0.30000000000000004,-89.0,10.698,0.4,8.2,1.0,0.8,3.3,78.5,51.2,2.0,47.3,53.0,53.0
2022-06,3.6,52.7,51.6,-0.2,0.30000000000000004,-89.0,10.698,0.4,8.2,1.0,0.8,3.1,78.5,52.3,2.0,47.3,53.0,53.0
2022-06,3.6,52.7,51.6,-0.2,0.30000000000000004,-89.0,10.698,0.4,8.2,1.0,0.8,3.1,78.5,51.2,2.0,47.3,53.0,53.0
2022-06,3.6,52.7,51.6,-0.2,0.30000000000000004,-89.0,10.698,0.4,8.2,1.0,0.8,3.3,78.5,52.3,2.0,47.3,53.0,53.0
2022-06,3.6,52.7,51.6,-0.2,0.30000000000000004,-89.0,10.698,0.4,8.2,1.0,0.8,3.3,78.5,51.2,2.0,47.3,53.0,53.0
2022-06,3.6,52.4,52.7,-0.2,0.30000000000000004,-89.0,10.698,0.4,8.2,1.0,0.8,3.1,78.5,52.3,2.0,47.3,53.0,53.0
2022-06,3.6,52.4,52.7,-0.2,0.30000000000000004,-89.0,10.698,0.4,8.2,1.0,0.8,3.1,78.5,51.2,2.0,47.3,53.0,53.0
2022-06,3.6,52.4,52.7,-0.2,0.30000000000000004,-89.0,10.698,0.4,8.2,1.0,0.8,3.3,78.5,52.3,2.0,47.3,53.0,53.0
2022-06,3.6,52.4,52.7,-0.2,0.30000000000000004,-89.0,10.698,0.4,8.2,1.0,0.8,3.3,78.5,51.2,2.0,47.3,53.0,53.0
2022-06,3.6,52.4,51.6,-0.2,0.30000000000000004,-89.0,10.698,0.4,8.2,1.0,0.8,3.1,78.5,52.3,2.0,47.3,53.0,53.0
2022-06,3.6,52.4,51.6,-0.2,0.30000000000000004,-89.0,10.698,0.4,8.2,1.0,0.8,3.1,78.5,51.2,2.0,47.3,53.0,53.0
2022-06,3.6,52.4,51.6,-0.2,0.30000000000000004,-89.0,10.698,0.4,8.2,1.0,0.8,3.3,78.5,52.3,2.0,47.3,53.0,53.0
2022-06,3.6,52.4,51.6,-0.2,0.30000000000000004,-89.0,10.698,0.4,8.2,1.0,0.8,3.3,78.5,51.2,2.0,47.3,53.0,53.0
2022-05,3.6,57.0,53.4,0.2,0.30000000000000004,-66.0,11.254,0.5,8.3,-0.30000000000000004,0.0,3.0,82.2,53.6,1.6,49.6,56.1,56.1
2022-05,3.6,57.0,53.4,0.2,0.30000000000000004,-66.0,11.254,0.5,8.3,-0.30000000000000004,0.0,3.0,82.2,53.8,1.6,49.6,56.1,56.1
2022-05,3.6,57.0,53.4,0.2,0.30000000000000004,-66.0,11.254,0.5,8.3,-0.30000000000000004,0.0,3.0,82.2,53.6,1.6,49.6,56.1,56.1
2022-05,3.6,57.0,53.4,0.2,0.30000000000000004,-66.0,11.254,0.5,8.3,-0.30000000000000004,0.0,3.0,82.2,53.8,1.6,49.6,56.1,56.1
2022-05,3.6,57.0,53.4,0.2,0.30000000000000004,-66.0,11.681000000000001,0.5,8.3,-0.30000000000000004,0.0,3.0,82.2,53.6,1.6,49.6,56.1,56.1
2022-05,3.6,57.0,53.4,0.2,0.30000000000000004,-66.0,11.681000000000001,0.5,8.3,-0.30000000000000004,0.0,3.0,82.2,53.8,1.6,49.6,56.1,56.1
2022-05,3.6,57.0,53.4,0.2,0.30000000000000004,-66.0,11.681000000000001,0.5,8.3,-0.30000000000000004,0.0,3.0,82.2,53.6,1.6,49.6,56.1,56.1
2022-05,3.6,57.0,53.4,0.2,0.30000000000000004,-66.0,11.681000000000001,0.5,8.3,-0.30000000000000004,0.0,3.0,82.2,53.8,1.6,49.6,56.1,56.1
2022-05,3.6,57.0,53.5,0.2,0.30000000000000004,-66.0,11.254,0.5,8.3,-0.30000000000000004,0.0,3.0,82.2,53.6,1.6,49.6,56.1,56.1
2022-05,3.6,57.0,53.5,0.2,0.30000000000000004,-66.0,11.254,0.5,8.3,-0.30000000000000004,0.0,3.0,82.2,53.8,1.6,49.6,56.1,56.1
2022-05,3.6,57.0,53.5,0.2,0.30000000000000004,-66.0,11.254,0.5,8.3,-0.30000000000000004,0.0,3.0,82.2,53.6,1.6,49.6,56.1,56.1
2022-05,3.6,57.0,53.5,0.2,0.30000000000000004,-66.0,11.254,0.5,8.3,-0.30000000000000004,0.0,3.0,82.2,53.8,1.6,49.6,56.1,56.1
2022-05,3.6,57.0,53.5,0.2,0.30000000000000004,-66.0,11.681000000000001,0.5,8.3,-0.30000000000000004,0.0,3.0,82.2,53.6,1.6,49.6,56.1,56.1
2022-05,3.6,57.0,53.5,0.2,0.30000000000000004,-66.0,11.681000000000001,0.5,8.3,-0.30000000000000004,0.0,3.0,82.2,53.8,1.6,49.6,56.1,56.1
2022-05,3.6,57.0,53.5,0.2,0.30000000000000004,-66.0,11.681000000000001,0.5,8.3,-0.30000000000000004,0.0,3.0,82.2,53.6,1.6,49.6,56.1,56.1
2022-05,3.6,57.0,53.5,0.2,0.30000000000000004,-66.0,11.681000000000001,0.5,8.3,-0.30000000000000004,0.0,3.0,82.2,53.8,1.6,49.6,56.1,56.1
2022-05,3.6,57.5,53.4,0.2,0.30000000000000004,-66.0,11.254,0.5,8.3,-0.30000000000000004,0.0,3.0,82.2,53.6,1.6,49.6,56.1,56.1
2022-05,3.6,57.5,53.4,0.2,0.30000000000000004,-66.0,11.254,0.5,8.3,-0.30000000000000004,0.0,3.0,82.2,53.8,1.6,49.6,56.1,56.1
2022-05,3.6,57.5,53.4,0.2,0.30000000000000004,-66.0,11.254,0.5,8.3,-0.30000000000000004,0.0,3.0,82.2,53.6,1.6,49.6,56.1,56.1
2022-05,3.6,57.5,53.4,0.2,0.30000000000000004,-66.0,11.254,0.5,8.3,-0.30000000000000004,0.0,3.0,82.2,53.8,1.6,49.6,56.1,56.1
2022-05,3.6,57.5,53.4,0.2,0.30000000000000004,-66.0,11.681000000000001,0.5,8.3,-0.30000000000000004,0.0,3.0,82.2,53.6,1.6,49.6,56.1,56.1
2022-05,3.6,57.5,53.4,0.2,0.30000000000000004,-66.0,11.681000000000001,0.5,8.3,-0.30000000000000004,0.0,3.0,82.2,53.8,1.6,49.6,56.1,56.1
2022-05,3.6,57.5,53.4,0.2,0.30000000000000004,-66.0,11.681000000000001,0.5,8.3,-0.30000000000000004,0.0,3.0,82.2,53.6,1.6,49.6,56.1,56.1
2022-05,3.6,57.5,53.4,0.2,0.30000000000000004,-66.0,11.681000000000001,0.5,8.3,-0.30000000000000004,0.0,3.0,82.2,53.8,1.6,49.6,56.1,56.1
2022-05,3.6,57.5,53.5,0.2,0.30000000000000004,-66.0,11.254,0.5,8.3,-0.30000000000000004,0.0,3.0,82.2,53.6,1.6,49.6,56.1,56.1
2022-05,3.6,57.5,53.5,0.2,0.30000000000000004,-66.0,11.254,0.5,8.3,-0.30000000000000004,0.0,3.0,82.2,53.8,1.6,49.6,56.1,56.1
2022-05,3.6,57.5,53.5,0.2,0.30000000000000004,-66.0,11.254,0.5,8.3,-0.30000000000000004,0.0,3.0,82.2,53.6,1.6,49.6,56.1,56.1
2022-05,3.6,57.5,53.5,0.2,0.30000000000000004,-66.0,11.254,0.5,8.3,-0.30000000000000004,0.0,3.0,82.2,53.8,1.6,49.6,56.1,56.1
2022-05,3.6,57.5,53.5,0.2,0.30000000000000004,-66.0,11.681000000000001,0.5,8.3,-0.30000000000000004,0.0,3.0,82.2,53.6,1.6,49.6,56.1,56.1
2022-05,3.6,57.5,53.5,0.2,0.30000000000000004,-66.0,11.681000000000001,0.5,8.3,-0.30000000000000004,0.0,3.0,82.2,53.8,1.6,49.6,56.1,56.1
2022-05,3.6,57.5,53.5,0.2,0.30000000000000004,-66.0,11.681000000000001,0.5,8.3,-0.30000000000000004,0.0,3.0,82.2,53.6,1.6,49.6,56.1,56.1
2022-05,3.6,57.5,53.5,0.2,0.30000000000000004,-66.0,11.681000000000001,0.5,8.3,-0.30000000000000004,0.0,3.0,82.2,53.8,1.6,49.6,56.1,56.1
2022-03,3.6,58.8,58.0,0.9,0.4,-193.0,11.549,1.0,9.2,0.5,-0.1,3.0,87.1,57.7,2.2,56.3,57.1,57.1
2022-03,3.6,58.8,58.0,0.9,0.4,-193.0,11.549,1.0,9.2,0.5,-0.1,3.0,87.1,58.5,2.2,56.3,57.1,57.1
2022-03,3.6,58.8,58.0,0.9,0.4,-193.0,11.549,1.0,9.2,0.5,-0.1,3.0,87.1,57.7,2.2,56.3,57.1,57.1
2022-03,3.6,58.8,58.0,0.9,0.4,-193.0,11.549,1.0,9.2,0.5,-0.1,3.0,87.1,58.5,2.2,56.3,57.1,57.1
2022-03,3.6,58.8,58.9,0.9,0.4,-193.0,11.549,1.0,9.2,0.5,-0.1,3.0,87.1,57.7,2.2,56.3,57.1,57.1
2022-03,3.6,58.8,58.9,0.9,0.4,-193.0,11.549,1.0,9.2,0.5,-0.1,3.0,87.1,58.5,2.2,56.3,57.1,57.1
2022-03,3.6,58.8,58.9,0.9,0.4,-193.0,11.549,1.0,9.2,0.5,-0.1,3.0,87.1,57.7,2.2,56.3,57.1,57.1
2022-03,3.6,58.8,58.9,0.9,0.4,-193.0,11.549,1.0,9.2,0.5,-0.1,3.0,87.1,58.5,2.2,56.3,57.1,57.1
2022-03,3.6,58.5,58.0,0.9,0.4,-193.0,11.549,1.0,9.2,0.5,-0.1,3.0,87.1,57.7,2.2,56.3,57.1,57.1
2022-03,3.6,58.5,58.0,0.9,0.4,-193.0,11.549,1.0,9.2,0.5,-0.1,3.0,87.1,58.5,2.2,56.3,57.1,57.1
2022-03,3.6,58.5,58.0,0.9,0.4,-193.0,11.549,1.0,9.2,0.5,-0.1,3.0,87.1,57.7,2.2,56.3,57.1,57.1
2022-03,3.6,58.5,58.0,0.9,0.4,-193.0,11.549,1.0,9.2,0.5,-0.1,3.0,87.1,58.5,2.2,56.3,57.1,57.1
2022-03,3.6,58.5,58.9,0.9,0.4,-193.0,11.549,1.0,9.2,0.5,-0.1,3.0,87.1,57.7,2.2,56.3,57.1,57.1
2022-03,3.6,58.5,58.9,0.9,0.4,-193.0,11.549,1.0,9.2,0.5,-0.1,3.0,87.1,58.5,2.2,56.3,57.1,57.1
2022-03,3.6,58.5,58.9,0.9,0.4,-193.0,11.549,1.0,9.2,0.5,-0.1,3.0,87.1,57.7,2.2,56.3,57.1,57.1
2022-03,3.6,58.5,58.9,0.9,0.4,-193.0,11.549,1.0,9.2,0.5,-0.1,3.0,87.1,58.5,2.2,56.3,57.1,57.1
2022-02,3.8,57.3,56.5,0.5,0.0,-217.0,11.266,0.2,8.4,0.30000000000000004,-1.2,3.0,75.6,55.9,-0.5,52.9,58.6,58.6
2022-02,3.8,57.3,56.5,0.5,0.0,-217.0,11.266,0.2,8.4,0.30000000000000004,-1.2,3.0,75.6,56.0,-0.5,52.9,58.6,58.6
2022-02,3.8,57.3,56.5,0.5,0.0,-217.0,11.266,0.2,8.4,0.30000000000000004,-1.2,3.1,75.6,55.9,-0.5,52.9,58.6,58.6
2022-02,3.8,57.3,56.5,0.5,0.0,-217.0,11.266,0.2,8.4,0.30000000000000004,-1.2,3.1,75.6,56.0,-0.5,52.9,58.6,58.6
2022-02,3.8,57.3,56.7,0.5,0.0,-217.0,11.266,0.2,8.4,0.30000000000000004,-1.2,3.0,75.6,55.9,-0.5,52.9,58.6,58.6
2022-02,3.8,57.3,56.7,0.5,0.0,-217.0,11.266,0.2,8.4,0.30000000000000004,-1.2,3.0,75.6,56.0,-0.5,52.9,58.6,58.6
2022-02,3.8,57.3,56.7,0.5,0.0,-217.0,11.266,0.2,8.4,0.30000000000000004,-1.2,3.1,75.6,55.9,-0.5,52.9,58.6,58.6
2022-02,3.8,57.3,56.7,0.5,0.0,-217.0,11.266,0.2,8.4,0.30000000000000004,-1.2,3.1,75.6,56.0,-0.5,52.9,58.6,58.6
2022-02,3.8,57.5,56.5,0.5,0.0,-217.0,11.266,0.2,8.4,0.30000000000000004,-1.2,3.0,75.6,55.9,-0.5,52.9,58.6,58.6
2022-02,3.8,57.5,56.5,0.5,0.0,-217.0,11.266,0.2,8.4,0.30000000000000004,-1.2,3.0,75.6,56.0,-0.5,52.9,58.6,58.6
2022-02,3.8,57.5,56.5,0.5,0.0,-217.0,11.266,0.2,8.4,0.30000000000000004,-1.2,3.1,75.6,55.9,-0.5,52.9,58.6,58.6
2022-02,3.8,57.5,56.5,0.5,0.0,-217.0,11.266,0.2,8.4,0.30000000000000004,-1.2,3.1,75.6,56.0,-0.5,52.9,58.6,58.6
2022-02,3.8,57.5,56.7,0.5,0.0,-217.0,11.266,0.2,8.4,0.30000000000000004,-1.2,3.0,75.6,55.9,-0.5,52.9,58.6,58.6
2022-02,3.8,57.5,56.7,0.5,0.0,-217.0,11.266,0.2,8.4,0.30000000000000004,-1.2,3.0,75.6,56.0,-0.5,52.9,58.6,58.6
2022-02,3.8,57.5,56.7,0.5,0.0,-217.0,11.266,0.2,8.4,0.30000000000000004,-1.2,3.1,75.6,55.9,-0.5,52.9,58.6,58.6
2022-02,3.8,57.5,56.7,0.5,0.0,-217.0,11.266,0.2,8.4,0.30000000000000004,-1.2,3.1,75.6,56.0,-0.5,52.9,58.6,58.6
2022-01,4.0,55.5,51.2,1.4,0.7000000000000001,119.0,11.263,0.8,8.3,3.8,4.8,3.1,76.1,51.1,1.4,54.5,57.6,57.6
2022-01,4.0,55.5,51.2,1.4,0.7000000000000001,119.0,11.263,0.8,8.3,3.8,4.8,3.1,76.1,50.8,1.4,54.5,57.6,57.6
2022-01,4.0,55.5,51.2,1.4,0.7000000000000001,119.0,11.263,0.8,8.3,3.8,4.8,3.1,76.1,51.1,1.4,54.5,57.6,57.6
2022-01,4.0,55.5,51.2,1.4,0.7000000000000001,119.0,11.263,0.8,8.3,3.8,4.8,3.1,76.1,50.8,1.4,54.5,57.6,57.6
2022-01,4.0,55.5,50.9,1.4,0.7000000000000001,119.0,11.263,0.8,8.3,3.8,4.8,3.1,76.1,51.1,1.4,54.5,57.6,57.6
2022-01,4.0,55.5,50.9,1.4,0.7000000000000001,119.0,11.263,0.8,8.3,3.8,4.8,3.1,76.1,50.8,1.4,54.5,57.6,57.6
2022-01,4.0,55.5,50.9,1.4,0.7000000000000001,119.0,11.263,0.8,8.3,3.8,4.8,3.1,76.1,51.1,1.4,54.5,57.6,57.6
2022-01,4.0,55.5,50.9,1.4,0.7000000000000001,119.0,11.263,0.8,8.3,3.8,4.8,3.1,76.1,50.8,1.4,54.5,57.6,57.6
2022-01,4.0,55.0,51.2,1.4,0.7000000000000001,119.0,11.263,0.8,8.3,3.8,4.8,3.1,76.1,51.1,1.4,54.5,57.6,57.6
2022-01,4.0,55.0,51.2,1.4,0.7000000000000001,119.0,11.263,0.8,8.3,3.8,4.8,3.1,76.1,50.8,1.4,54.5,57.6,57.6
2022-01,4.0,55.0,51.2,1.4,0.7000000000000001,119.0,11.263,0.8,8.3,3.8,4.8,3.1,76.1,51.1,1.4,54.5,57.6,57.6
2022-01,4.0,55.0,51.2,1.4,0.7000000000000001,119.0,11.263,0.8,8.3,3.8,4.8,3.1,76.1,50.8,1.4,54.5,57.6,57.6
2022-01,4.0,55.0,50.9,1.4,0.7000000000000001,119.0,11.263,0.8,8.3,3.8,4.8,3.1,76.1,51.1,1.4,54.5,57.6,57.6
2022-01,4.0,55.0,50.9,1.4,0.7000000000000001,119.0,11.263,0.8,8.3,3.8,4.8,3.1,76.1,50.8,1.4,54.5,57.6,57.6
2022-01,4.0,55.0,50.9,1.4,0.7000000000000001,119.0,11.263,0.8,8.3,3.8,4.8,3.1,76.1,51.1,1.4,54.5,57.6,57.6
2022-01,4.0,55.0,50.9,1.4,0.7000000000000001,119.0,11.263,0.8,8.3,3.8,4.8,3.1,76.1,50.8,1.4,54.5,57.6,57.6
2021-12,3.9,57.7,57.6,-0.1,0.6000000000000001,-21.0,10.925,0.5,8.3,-1.9,-3.1,2.9,68.2,57.0,-0.4,54.2,58.7,58.7
2021-12,3.9,57.7,57.6,-0.1,0.6000000000000001,-21.0,10.925,0.5,8.3,-1.9,-3.1,2.9,68.2,56.9,-0.4,54.2,58.7,58.7
2021-12,3.9,57.7,57.6,-0.1,0.6000000000000001,-21.0,10.925,0.5,8.3,-1.9,-3.1,3.0,68.2,57.0,-0.4,54.2,58.7,58.7
2021-12,3.9,57.7,57.6,-0.1,0.6000000000000001,-21.0,10.925,0.5,8.3,-1.9,-3.1,3.0,68.2,56.9,-0.4,54.2,58.7,58.7
2021-12,3.9,57.7,57.5,-0.1,0.6000000000000001,-21.0,10.925,0.5,8.3,-1.9,-3.1,2.9,68.2,57.0,-0.4,54.2,58.7,58.7
2021-12,3.9,57.7,57.5,-0.1,0.6000000000000001,-21.0,10.925,0.5,8.3,-1.9,-3.1,2.9,68.2,56.9,-0.4,54.2,58.7,58.7
2021-12,3.9,57.7,57.5,-0.1,0.6000000000000001,-21.0,10.925,0.5,8.3,-1.9,-3.1,3.0,68.2,57.0,-0.4,54.2,58.7,58.7
2021-12,3.9,57.7,57.5,-0.1,0.6000000000000001,-21.0,10.925,0.5,8.3,-1.9,-3.1,3.0,68.2,56.9,-0.4,54.2,58.7,58.7
2021-12,3.9,57.8,57.6,-0.1,0.6000000000000001,-21.0,10.925,0.5,8.3,-1.9,-3.1,2.9,68.2,57.0,-0.4,54.2,58.7,58.7
2021-12,3.9,57.8,57.6,-0.1,0.6000000000000001,-21.0,10.925,0.5,8.3,-1.9,-3.1,2.9,68.2,56.9,-0.4,54.2,58.7,58.7
2021-12,3.9,57.8,57.6,-0.1,0.6000000000000001,-21.0,10.925,0.5,8.3,-1.9,-3.1,3.0,68.2,57.0,-0.4,54.2,58.7,58.7
2021-12,3.9,57.8,57.6,-0.1,0.6000000000000001,-21.0,10.925,0.5,8.3,-1.9,-3.1,3.0,68.2,56.9,-0.4,54.2,58.7,58.7
2021-12,3.9,57.8,57.5,-0.1,0.6000000000000001,-21.0,10.925,0.5,8.3,-1.9,-3.1,2.9,68.2,57.0,-0.4,54.2,58.7,58.7
2021-12,3.9,57.8,57.5,-0.1,0.6000000000000001,-21.0,10.925,0.5,8.3,-1.9,-3.1,2.9,68.2,56.9,-0.4,54.2,58.7,58.7
2021-12,3.9,57.8,57.5,-0.1,0.6000000000000001,-21.0,10.925,0.5,8.3,-1.9,-3.1,3.0,68.2,57.0,-0.4,54.2,58.7,58.7
2021-12,3.9,57.8,57.5,-0.1,0.6000000000000001,-21.0,10.925,0.5,8.3,-1.9,-3.1,3.0,68.2,56.9,-0.4,54.2,58.7,58.7
2021-11,4.2,58.3,58.0,0.5,0.30000000000000004,-191.0,10.562,0.7000000000000001,7.7,0.30000000000000004,-0.1,3.0,82.4,57.2,1.6,53.3,61.1,61.1
2021-11,4.2,58.3,58.0,0.5,0.30000000000000004,-191.0,10.562,0.7000000000000001,7.7,0.30000000000000004,-0.1,3.0,82.4,56.5,1.6,53.3,61.1,61.1
2021-11,4.2,58.3,58.0,0.5,0.30000000000000004,-191.0,10.562,0.7000000000000001,7.7,0.30000000000000004,-0.1,2.9,82.4,57.2,1.6,53.3,61.1,61.1
2021-11,4.2,58.3,58.0,0.5,0.30000000000000004,-191.0,10.562,0.7000000000000001,7.7,0.30000000000000004,-0.1,2.9,82.4,56.5,1.6,53.3,61.1,61.1
2021-11,4.2,58.3,57.0,0.5,0.30000000000000004,-191.0,10.562,0.7000000000000001,7.7,0.30000000000000004,-0.1,3.0,82.4,57.2,1.6,53.3,61.1,61.1
2021-11,4.2,58.3,57.0,0.5,0.30000000000000004,-191.0,10.562,0.7000000000000001,7.7,0.30000000000000004,-0.1,3.0,82.4,56.5,1.6,53.3,61.1,61.1
2021-11,4.2,58.3,57.0,0.5,0.30000000000000004,-191.0,10.562,0.7000000000000001,7.7,0.30000000000000004,-0.1,2.9,82.4,57.2,1.6,53.3,61.1,61.1
2021-11,4.2,58.3,57.0,0.5,0.30000000000000004,-191.0,10.562,0.7000000000000001,7.7,0.30000000000000004,-0.1,2.9,82.4,56.5,1.6,53.3,61.1,61.1
2021-11,4.2,59.1,58.0,0.5,0.30000000000000004,-191.0,10.562,0.7000000000000001,7.7,0.30000000000000004,-0.1,3.0,82.4,57.2,1.6,53.3,61.1,61.1
2021-11,4.2,59.1,58.0,0.5,0.30000000000000004,-191.0,10.562,0.7000000000000001,7.7,0.30000000000000004,-0.1,3.0,82.4,56.5,1.6,53.3,61.1,61.1
2021-11,4.2,59.1,58.0,0.5,0.30000000000000004,-191.0,10.562,0.7000000000000001,7.7,0.30000000000000004,-0.1,2.9,82.4,57.2,1.6,53.3,61.1,61.1
2021-11,4.2,59.1,58.0,0.5,0.30000000000000004,-191.0,10.562,0.7000000000000001,7.7,0.30000000000000004,-0.1,2.9,82.4,56.5,1.6,53.3,61.1,61.1
2021-11,4.2,59.1,57.0,0.5,0.30000000000000004,-191.0,10.562,0.7000000000000001,7.7,0.30000000000000004,-0.1,3.0,82.4,57.2,1.6,53.3,61.1,61.1
2021-11,4.2,59.1,57.0,0.5,0.30000000000000004,-191.0,10.562,0.7000000000000001,7.7,0.30000000000000004,-0.1,3.0,82.4,56.5,1.6,53.3,61.1,61.1
2021-11,4.2,59.1,57.0,0.5,0.30000000000000004,-191.0,10.562,0.7000000000000001,7.7,0.30000000000000004,-0.1,2.9,82.4,57.2,1.6,53.3,61.1,61.1
2021-11,4.2,59.1,57.0,0.5,0.30000000000000004,-191.0,10.562,0.7000000000000001,7.7,0.30000000000000004,-0.1,2.9,82.4,56.5,1.6,53.3,61.1,61.1
2021-10,4.6,58.4,58.7,1.6,0.4,-165.0,11.033,0.4,6.8,1.7000000000000002,1.6,2.9,85.7,57.6,1.0,52.0,60.8,60.8
2021-10,4.6,58.4,58.7,1.6,0.4,-165.0,11.033,0.4,6.8,1.7000000000000002,1.6,2.9,85.7,57.3,1.0,52.0,60.8,60.8
2021-10,4.6,58.4,58.7,1.6,0.4,-165.0,11.033,0.4,6.8,1.7000000000000002,1.6,2.8,85.7,57.6,1.0,52.0,60.8,60.8
2021-10,4.6,58.4,58.7,1.6,0.4,-165.0,11.033,0.4,6.8,1.7000000000000002,1.6,2.8,85.7,57.3,1.0,52.0,60.8,60.8
2021-10,4.6,58.4,58.2,1.6,0.4,-165.0,11.033,0.4,6.8,1.7000000000000002,1.6,2.9,85.7,57.6,1.0,52.0,60.8,60.8
2021-10,4.6,58.4,58.2,1.6,0.4,-165.0,11.033,0.4,6.8,1.7000000000000002,1.6,2.9,85.7,57.3,1.0,52.0,60.8,60.8
2021-10,4.6,58.4,58.2,1.6,0.4,-165.0,11.033,0.4,6.8,1.7000000000000002,1.6,2.8,85.7,57.6,1.0,52.0,60.8,60.8
2021-10,4.6,58.4,58.2,1.6,0.4,-165.0,11.033,0.4,6.8,1.7000000000000002,1.6,2.8,85.7,57.3,1.0,52.0,60.8,60.8
2021-10,4.6,59.2,58.7,1.6,0.4,-165.0,11.033,0.4,6.8,1.7000000000000002,1.6,2.9,85.7,57.6,1.0,52.0,60.8,60.8
2021-10,4.6,59.2,58.7,1.6,0.4,-165.0,11.033,0.4,6.8,1.7000000000000002,1.6,2.9,85.7,57.3,1.0,52.0,60.8,60.8
2021-10,4.6,59.2,58.7,1.6,0.4,-165.0,11.033,0.4,6.8,1.7000000000000002,1.6,2.8,85.7,57.6,1.0,52.0,60.8,60.8
2021-10,4.6,59.2,58.7,1.6,0.4,-165.0,11.033,0.4,6.8,1.7000000000000002,1.6,2.8,85.7,57.3,1.0,52.0,60.8,60.8
2021-10,4.6,59.2,58.2,1.6,0.4,-165.0,11.033,0.4,6.8,1.7000000000000002,1.6,2.9,85.7,57.6,1.0,52.0,60.8,60.8
2021-10,4.6,59.2,58.2,1.6,0.4,-165.0,11.033,0.4,6.8,1.7000000000000002,1.6,2.9,85.7,57.3,1.0,52.0,60.8,60.8
2021-10,4.6,59.2,58.2,1.6,0.4,-165.0,11.033,0.4,6.8,1.7000000000000002,1.6,2.8,85.7,57.6,1.0,52.0,60.8,60.8
2021-10,4.6,59.2,58.2,1.6,0.4,-165.0,11.033,0.4,6.8,1.7000000000000002,1.6,2.8,85.7,57.3,1.0,52.0,60.8,60.8
2021-09,4.8,60.7,54.9,-1.3,0.6000000000000001,-62.0,10.438,0.2,6.8,0.7000000000000001,0.8,3.0,81.2,55.0,0.2,50.2,61.1,61.1
2021-09,4.8,60.7,54.9,-1.3,0.6000000000000001,-62.0,10.438,0.2,6.8,0.7000000000000001,0.8,3.0,81.2,54.5,0.2,50.2,61.1,61.1
2021-09,4.8,60.7,54.9,-1.3,0.6000000000000001,-62.0,10.438,0.2,6.8,0.7000000000000001,0.8,2.9,81.2,55.0,0.2,50.2,61.1,61.1
2021-09,4.8,60.7,54.9,-1.3,0.6000000000000001,-62.0,10.438,0.2,6.8,0.7000000000000001,0.8,2.9,81.2,54.5,0.2,50.2,61.1,61.1
2021-09,4.8,60.7,54.4,-1.3,0.6000000000000001,-62.0,10.438,0.2,6.8,0.7000000000000001,0.8,3.0,81.2,55.0,0.2,50.2,61.1,61.1
2021-09,4.8,60.7,54.4,-1.3,0.6000000000000001,-62.0,10.438,0.2,6.8,0.7000000000000001,0.8,3.0,81.2,54.5,0.2,50.2,61.1,61.1
2021-09,4.8,60.7,54.4,-1.3,0.6000000000000001,-62.0,10.438,0.2,6.8,0.7000000000000001,0.8,2.9,81.2,55.0,0.2,50.2,61.1,61.1
2021-09,4.8,60.7,54.4,-1.3,0.6000000000000001,-62.0,10.438,0.2,6.8,0.7000000000000001,0.8,2.9,81.2,54.5,0.2,50.2,61.1,61.1
2021-09,4.8,60.5,54.9,-1.3,0.6000000000000001,-62.0,10.438,0.2,6.8,0.7000000000000001,0.8,3.0,81.2,55.0,0.2,50.2,61.1,61.1
2021-09,4.8,60.5,54.9,-1.3,0.6000000000000001,-62.0,10.438,0.2,6.8,0.7000000000000001,0.8,3.0,81.2,54.5,0.2,50.2,61.1,61.1
2021-09,4.8,60.5,54.9,-1.3,0.6000000000000001,-62.0,10.438,0.2,6.8,0.7000000000000001,0.8,2.9,81.2,55.0,0.2,50.2,61.1,61.1
2021-09,4.8,60.5,54.9,-1.3,0.6000000000000001,-62.0,10.438,0.2,6.8,0.7000000000000001,0.8,2.9,81.2,54.5,0.2,50.2,61.1,61.1
2021-09,4.8,60.5,54.4,-1.3,0.6000000000000001,-62.0,10.438,0.2,6.8,0.7000000000000001,0.8,3.0,81.2,55.0,0.2,50.2,61.1,61.1
2021-09,4.8,60.5,54.4,-1.3,0.6000000000000001,-62.0,10.438,0.2,6.8,0.7000000000000001,0.8,3.0,81.2,54.5,0.2,50.2,61.1,61.1
2021-09,4.8,60.5,54.4,-1.3,0.6000000000000001,-62.0,10.438,0.2,6.8,0.7000000000000001,0.8,2.9,81.2,55.0,0.2,50.2,61.1,61.1
2021-09,4.8,60.5,54.4,-1.3,0.6000000000000001,-62.0,10.438,0.2,6.8,0.7000000000000001,0.8,2.9,81.2,54.5,0.2,50.2,61.1,61.1
2021-08,5.2,61.1,55.1,0.4,0.6000000000000001,-171.0,10.439,0.6000000000000001,6.7,0.7000000000000001,2.5,2.9,79.4,55.4,1.2,49.0,59.9,59.9
2021-08,5.2,61.1,55.1,0.4,0.6000000000000001,-171.0,10.439,0.6000000000000001,6.7,0.7000000000000001,2.5,2.9,79.4,55.4,1.2,49.0,59.9,59.9
2021-08,5.2,61.1,55.1,0.4,0.6000000000000001,-171.0,10.439,0.6000000000000001,6.7,0.7000000000000001,2.5,3.0,79.4,55.4,1.2,49.0,59.9,59.9
2021-08,5.2,61.1,55.1,0.4,0.6000000000000001,-171.0,10.439,0.6000000000000001,6.7,0.7000000000000001,2.5,3.0,79.4,55.4,1.2,49.0,59.9,59.9
2021-08,5.2,61.1,55.2,0.4,0.6000000000000001,-171.0,10.439,0.6000000000000001,6.7,0.7000000000000001,2.5,2.9,79.4,55.4,1.2,49.0,59.9,59.9
2021-08,5.2,61.1,55.2,0.4,0.6000000000000001,-171.0,10.439,0.6000000000000001,6.7,0.7000000000000001,2.5,2.9,79.4,55.4,1.2,49.0,59.9,59.9
2021-08,5.2,61.1,55.2,0.4,0.6000000000000001,-171.0,10.439,0.6000000000000001,6.7,0.7000000000000001,2.5,3.0,79.4,55.4,1.2,49.0,59.9,59.9
2021-08,5.2,61.1,55.2,0.4,0.6000000000000001,-171.0,10.439,0.6000000000000001,6.7,0.7000000000000001,2.5,3.0,79.4,55.4,1.2,49.0,59.9,59.9
2021-08,5.2,61.2,55.1,0.4,0.6000000000000001,-171.0,10.439,0.6000000000000001,6.7,0.7000000000000001,2.5,2.9,79.4,55.4,1.2,49.0,59.9,59.9
2021-08,5.2,61.2,55.1,0.4,0.6000000000000001,-171.0,10.439,0.6000000000000001,6.7,0.7000000000000001,2.5,2.9,79.4,55.4,1.2,49.0,59.9,59.9
2021-08,5.2,61.2,55.1,0.4,0.6000000000000001,-171.0,10.439,0.6000000000000001,6.7,0.7000000000000001,2.5,3.0,79.4,55.4,1.2,49.0,59.9,59.9
2021-08,5.2,61.2,55.1,0.4,0.6000000000000001,-171.0,10.439,0.6000000000000001,6.7,0.7000000000000001,2.5,3.0,79.4,55.4,1.2,49.0,59.9,59.9
2021-08,5.2,61.2,55.2,0.4,0.6000000000000001,-171.0,10.439,0.6000000000000001,6.7,0.7000000000000001,2.5,2.9,79.4,55.4,1.2,49.0,59.9,59.9
2021-08,5.2,61.2,55.2,0.4,0.6000000000000001,-171.0,10.439,0.6000000000000001,6.7,0.7000000000000001,2.5,2.9,79.4,55.4,1.2,49.0,59.9,59.9
2021-08,5.2,61.2,55.2,0.4,0.6000000000000001,-171.0,10.439,0.6000000000000001,6.7,0.7000000000000001,2.5,3.0,79.4,55.4,1.2,49.0,59.9,59.9
2021-08,5.2,61.2,55.2,0.4,0.6000000000000001,-171.0,10.439,0.6000000000000001,6.7,0.7000000000000001,2.5,3.0,79.4,55.4,1.2,49.0,59.9,59.9
2021-07,5.4,63.4,59.9,0.9,0.4,-302.0,10.934,1.0,6.2,-1.1,-1.0,2.8,85.7,59.9,0.4,52.9,59.5,59.5
2021-07,5.4,63.4,59.9,0.9,0.4,-302.0,10.934,1.0,6.2,-1.1,-1.0,2.8,85.7,59.7,0.4,52.9,59.5,59.5
2021-07,5.4,63.4,59.9,0.9,0.4,-302.0,10.934,1.0,6.2,-1.1,-1.0,2.9,85.7,59.9,0.4,52.9,59.5,59.5
2021-07,5.4,63.4,59.9,0.9,0.4,-302.0,10.934,1.0,6.2,-1.1,-1.0,2.9,85.7,59.7,0.4,52.9,59.5,59.5
2021-07,5.4,63.4,59.8,0.9,0.4,-302.0,10.934,1.0,6.2,-1.1,-1.0,2.8,85.7,59.9,0.4,52.9,59.5,59.5
2021-07,5.4,63.4,59.8,0.9,0.4,-302.0,10.934,1.0,6.2,-1.1,-1.0,2.8,85.7,59.7,0.4,52.9,59.5,59.5
2021-07,5.4,63.4,59.8,0.9,0.4,-302.0,10.934,1.0,6.2,-1.1,-1.0,2.9,85.7,59.9,0.4,52.9,59.5,59.5
2021-07,5.4,63.4,59.8,0.9,0.4,-302.0,10.934,1.0,6.2,-1.1,-1.0,2.9,85.7,59.7,0.4,52.9,59.5,59.5
2021-07,5.4,63.1,59.9,0.9,0.4,-302.0,10.934,1.0,6.2,-1.1,-1.0,2.8,85.7,59.9,0.4,52.9,59.5,59.5
2021-07,5.4,63.1,59.9,0.9,0.4,-302.0,10.934,1.0,6.2,-1.1,-1.0,2.8,85.7,59.7,0.4,52.9,59.5,59.5
2021-07,5.4,63.1,59.9,0.9,0.4,-302.0,10.934,1.0,6.2,-1.1,-1.0,2.9,85.7,59.9,0.4,52.9,59.5,59.5
2021-07,5.4,63.1,59.9,0.9,0.4,-302.0,10.934,1.0,6.2,-1.1,-1.0,2.9,85.7,59.7,0.4,52.9,59.5,59.5
2021-07,5.4,63.1,59.8,0.9,0.4,-302.0,10.934,1.0,6.2,-1.1,-1.0,2.8,85.7,59.9,0.4,52.9,59.5,59.5
2021-07,5.4,63.1,59.8,0.9,0.4,-302.0,10.934,1.0,6.2,-1.1,-1.0,2.8,85.7,59.7,0.4,52.9,59.5,59.5
2021-07,5.4,63.1,59.8,0.9,0.4,-302.0,10.934,1.0,6.2,-1.1,-1.0,2.9,85.7,59.9,0.4,52.9,59.5,59.5
2021-07,5.4,63.1,59.8,0.9,0.4,-302.0,10.934,1.0,6.2,-1.1,-1.0,2.9,85.7,59.7,0.4,52.9,59.5,59.5
2021-06,5.9,62.1,64.6,0.4,0.30000000000000004,-174.0,10.073,1.0,5.6,0.6000000000000001,1.1,2.8,92.1,63.7,1.5,49.9,60.6,60.6
2021-06,5.9,62.1,64.6,0.4,0.30000000000000004,-174.0,10.073,1.0,5.6,0.6000000000000001,1.1,2.8,92.1,63.9,1.5,49.9,60.6,60.6
2021-06,5.9,62.1,64.6,0.4,0.30000000000000004,-174.0,10.073,1.0,5.6,0.6000000000000001,1.1,2.8,92.1,63.7,1.5,49.9,60.6,60.6
2021-06,5.9,62.1,64.6,0.4,0.30000000000000004,-174.0,10.073,1.0,5.6,0.6000000000000001,1.1,2.8,92.1,63.9,1.5,49.9,60.6,60.6
2021-06,5.9,62.1,64.8,0.4,0.30000000000000004,-174.0,10.073,1.0,5.6,0.6000000000000001,1.1,2.8,92.1,63.7,1.5,49.9,60.6,60.6
2021-06,5.9,62.1,64.8,0.4,0.30000000000000004,-174.0,10.073,1.0,5.6,0.6000000000000001,1.1,2.8,92.1,63.9,1.5,49.9,60.6,60.6
2021-06,5.9,62.1,64.8,0.4,0.30000000000000004,-174.0,10.073,1.0,5.6,0.6000000000000001,1.1,2.8,92.1,63.7,1.5,49.9,60.6,60.6
2021-06,5.9,62.1,64.8,0.4,0.30000000000000004,-174.0,10.073,1.0,5.6,0.6000000000000001,1.1,2.8,92.1,63.9,1.5,49.9,60.6,60.6
2021-06,5.9,62.6,64.6,0.4,0.30000000000000004,-174.0,10.073,1.0,5.6,0.6000000000000001,1.1,2.8,92.1,63.7,1.5,49.9,60.6,60.6
2021-06,5.9,62.6,64.6,0.4,0.30000000000000004,-174.0,10.073,1.0,5.6,0.6000000000000001,1.1,2.8,92.1,63.9,1.5,49.9,60.6,60.6
2021-06,5.9,62.6,64.6,0.4,0.30000000000000004,-174.0,10.073,1.0,5.6,0.6000000000000001,1.1,2.8,92.1,63.7,1.5,49.9,60.6,60.6
2021-06,5.9,62.6,64.6,0.4,0.30000000000000004,-174.0,10.073,1.0,5.6,0.6000000000000001,1.1,2.8,92.1,63.9,1.5,49.9,60.6,60.6
2021-06,5.9,62.6,64.8,0.4,0.30000000000000004,-174.0,10.073,1.0,5.6,0.6000000000000001,1.1,2.8,92.1,63.7,1.5,49.9,60.6,60.6
2021-06,5.9,62.6,64.8,0.4,0.30000000000000004,-174.0,10.073,1.0,5.6,0.6000000000000001,1.1,2.8,92.1,63.9,1.5,49.9,60.6,60.6
2021-06,5.9,62.6,64.8,0.4,0.30000000000000004,-174.0,10.073,1.0,5.6,0.6000000000000001,1.1,2.8,92.1,63.7,1.5,49.9,60.6,60.6
2021-06,5.9,62.6,64.8,0.4,0.30000000000000004,-174.0,10.073,1.0,5.6,0.6000000000000001,1.1,2.8,92.1,63.9,1.5,49.9,60.6,60.6
2021-05,5.8,62.1,70.4,0.8,0.5,-132.0,9.209,0.7000000000000001,4.8,-1.3,-0.7000000000000001,3.0,88.0,68.7,1.7000000000000002,50.9,61.2,61.2
2021-05,5.8,62.1,70.4,0.8,0.5,-132.0,9.209,0.7000000000000001,4.8,-1.3,-0.7000000000000001,3.0,88.0,68.1,1.7000000000000002,50.9,61.2,61.2
2021-05,5.8,62.1,70.4,0.8,0.5,-132.0,9.209,0.7000000000000001,4.8,-1.3,-0.7000000000000001,3.1,88.0,68.7,1.7000000000000002,50.9,61.2,61.2
2021-05,5.8,62.1,70.4,0.8,0.5,-132.0,9.209,0.7000000000000001,4.8,-1.3,-0.7000000000000001,3.1,88.0,68.1,1.7000000000000002,50.9,61.2,61.2
2021-05,5.8,62.1,70.1,0.8,0.5,-132.0,9.209,0.7000000000000001,4.8,-1.3,-0.7000000000000001,3.0,88.0,68.7,1.7000000000000002,50.9,61.2,61.2
2021-05,5.8,62.1,70.1,0.8,0.5,-132.0,9.209,0.7000000000000001,4.8,-1.3,-0.7000000000000001,3.0,88.0,68.1,1.7000000000000002,50.9,61.2,61.2
2021-05,5.8,62.1,70.1,0.8,0.5,-132.0,9.209,0.7000000000000001,4.8,-1.3,-0.7000000000000001,3.1,88.0,68.7,1.7000000000000002,50.9,61.2,61.2
2021-05,5.8,62.1,70.1,0.8,0.5,-132.0,9.209,0.7000000000000001,4.8,-1.3,-0.7000000000000001,3.1,88.0,68.1,1.7000000000000002,50.9,61.2,61.2
2021-05,5.8,61.5,70.4,0.8,0.5,-132.0,9.209,0.7000000000000001,4.8,-1.3,-0.7000000000000001,3.0,88.0,68.7,1.7000000000000002,50.9,61.2,61.2
2021-05,5.8,61.5,70.4,0.8,0.5,-132.0,9.209,0.7000000000000001,4.8,-1.3,-0.7000000000000001,3.0,88.0,68.1,1.7000000000000002,50.9,61.2,61.2
2021-05,5.8,61.5,70.4,0.8,0.5,-132.0,9.209,0.7000000000000001,4.8,-1.3,-0.7000000000000001,3.1,88.0,68.7,1.7000000000000002,50.9,61.2,61.2
2021-05,5.8,61.5,70.4,0.8,0.5,-132.0,9.209,0.7000000000000001,4.8,-1.3,-0.7000000000000001,3.1,88.0,68.1,1.7000000000000002,50.9,61.2,61.2
2021-05,5.8,61.5,70.1,0.8,0.5,-132.0,9.209,0.7000000000000001,4.8,-1.3,-0.7000000000000001,3.0,88.0,68.7,1.7000000000000002,50.9,61.2,61.2
2021-05,5.8,61.5,70.1,0.8,0.5,-132.0,9.209,0.7000000000000001,4.8,-1.3,-0.7000000000000001,3.0,88.0,68.1,1.7000000000000002,50.9,61.2,61.2
2021-05,5.8,61.5,70.1,0.8,0.5,-132.0,9.209,0.7000000000000001,4.8,-1.3,-0.7000000000000001,3.1,88.0,68.7,1.7000000000000002,50.9,61.2,61.2
2021-05,5.8,61.5,70.1,0.8,0.5,-132.0,9.209,0.7000000000000001,4.8,-1.3,-0.7000000000000001,3.1,88.0,68.1,1.7000000000000002,50.9,61.2,61.2
2021-04,6.1,60.5,64.7,0.7000000000000001,0.7000000000000001,-226.0,9.286,0.7000000000000001,4.1,0.0,-1.5,2.7,89.6,63.5,-0.6000000000000001,55.1,60.7,60.7
2021-04,6.1,60.5,64.7,0.7000000000000001,0.7000000000000001,-226.0,9.286,0.7000000000000001,4.1,0.0,-1.5,2.7,89.6,62.2,-0.6000000000000001,55.1,60.7,60.7
2021-04,6.1,60.5,64.7,0.7000000000000001,0.7000000000000001,-226.0,9.286,0.7000000000000001,4.1,0.0,-1.5,2.7,89.6,63.5,-0.6000000000000001,55.1,60.7,60.7
2021-04,6.1,60.5,64.7,0.7000000000000001,0.7000000000000001,-226.0,9.286,0.7000000000000001,4.1,0.0,-1.5,2.7,89.6,62.2,-0.6000000000000001,55.1,60.7,60.7
2021-04,6.1,60.5,63.1,0.7000000000000001,0.7000000000000001,-226.0,9.286,0.7000000000000001,4.1,0.0,-1.5,2.7,89.6,63.5,-0.6000000000000001,55.1,60.7,60.7
2021-04,6.1,60.5,63.1,0.7000000000000001,0.7000000000000001,-226.0,9.286,0.7000000000000001,4.1,0.0,-1.5,2.7,89.6,62.2,-0.6000000000000001,55.1,60.7,60.7
2021-04,6.1,60.5,63.1,0.7000000000000001,0.7000000000000001,-226.0,9.286,0.7000000000000001,4.1,0.0,-1.5,2.7,89.6,63.5,-0.6000000000000001,55.1,60.7,60.7
2021-04,6.1,60.5,63.1,0.7000000000000001,0.7000000000000001,-226.0,9.286,0.7000000000000001,4.1,0.0,-1.5,2.7,89.6,62.2,-0.6000000000000001,55.1,60.7,60.7
2021-04,6.1,60.6,64.7,0.7000000000000001,0.7000000000000001,-226.0,9.286,0.7000000000000001,4.1,0.0,-1.5,2.7,89.6,63.5,-0.6000000000000001,55.1,60.7,60.7
2021-04,6.1,60.6,64.7,0.7000000000000001,0.7000000000000001,-226.0,9.286,0.7000000000000001,4.1,0.0,-1.5,2.7,89.6,62.2,-0.6000000000000001,55.1,60.7,60.7
2021-04,6.1,60.6,64.7,0.7000000000000001,0.7000000000000001,-226.0,9.286,0.7000000000000001,4.1,0.0,-1.5,2.7,89.6,63.5,-0.6000000000000001,55.1,60.7,60.7
2021-04,6.1,60.6,64.7,0.7000000000000001,0.7000000000000001,-226.0,9.286,0.7000000000000001,4.1,0.0,-1.5,2.7,89.6,62.2,-0.6000000000000001,55.1,60.7,60.7
2021-04,6.1,60.6,63.1,0.7000000000000001,0.7000000000000001,-226.0,9.286,0.7000000000000001,4.1,0.0,-1.5,2.7,89.6,63.5,-0.6000000000000001,55.1,60.7,60.7
2021-04,6.1,60.6,63.1,0.7000000000000001,0.7000000000000001,-226.0,9.286,0.7000000000000001,4.1,0.0,-1.5,2.7,89.6,62.2,-0.6000000000000001,55.1,60.7,60.7
2021-04,6.1,60.6,63.1,0.7000000000000001,0.7000000000000001,-226.0,9.286,0.7000000000000001,4.1,0.0,-1.5,2.7,89.6,63.5,-0.6000000000000001,55.1,60.7,60.7
2021-04,6.1,60.6,63.1,0.7000000000000001,0.7000000000000001,-226.0,9.286,0.7000000000000001,4.1,0.0,-1.5,2.7,89.6,62.2,-0.6000000000000001,55.1,60.7,60.7
2021-03,6.0,59.1,60.4,1.4,-0.1,-660.0,8.123,0.7000000000000001,3.1,9.8,6.9,2.7,85.6,59.7,1.1,59.6,64.7,64.7
2021-03,6.0,59.1,60.4,1.4,-0.1,-660.0,8.123,0.7000000000000001,3.1,9.8,6.9,2.7,85.6,59.1,1.1,59.6,64.7,64.7
2021-03,6.0,59.1,60.4,1.4,-0.1,-660.0,8.123,0.7000000000000001,3.1,9.8,6.9,2.7,85.6,59.7,1.1,59.6,64.7,64.7
2021-03,6.0,59.1,60.4,1.4,-0.1,-660.0,8.123,0.7000000000000001,3.1,9.8,6.9,2.7,85.6,59.1,1.1,59.6,64.7,64.7
2021-03,6.0,59.1,60.0,1.4,-0.1,-660.0,8.123,0.7000000000000001,3.1,9.8,6.9,2.7,85.6,59.7,1.1,59.6,64.7,64.7
2021-03,6.0,59.1,60.0,1.4,-0.1,-660.0,8.123,0.7000000000000001,3.1,9.8,6.9,2.7,85.6,59.1,1.1,59.6,64.7,64.7
2021-03,6.0,59.1,60.0,1.4,-0.1,-660.0,8.123,0.7000000000000001,3.1,9.8,6.9,2.7,85.6,59.7,1.1,59.6,64.7,64.7
2021-03,6.0,59.1,60.0,1.4,-0.1,-660.0,8.123,0.7000000000000001,3.1,9.8,6.9,2.7,85.6,59.1,1.1,59.6,64.7,64.7
2021-03,6.0,59.0,60.4,1.4,-0.1,-660.0,8.123,0.7000000000000001,3.1,9.8,6.9,2.7,85.6,59.7,1.1,59.6,64.7,64.7
2021-03,6.0,59.0,60.4,1.4,-0.1,-660.0,8.123,0.7000000000000001,3.1,9.8,6.9,2.7,85.6,59.1,1.1,59.6,64.7,64.7
2021-03,6.0,59.0,60.4,1.4,-0.1,-660.0,8.123,0.7000000000000001,3.1,9.8,6.9,2.7,85.6,59.7,1.1,59.6,64.7,64.7
2021-03,6.0,59.0,60.4,1.4,-0.1,-660.0,8.123,0.7000000000000001,3.1,9.8,6.9,2.7,85.6,59.1,1.1,59.6,64.7,64.7
2021-03,6.0,59.0,60.0,1.4,-0.1,-660.0,8.123,0.7000000000000001,3.1,9.8,6.9,2.7,85.6,59.7,1.1,59.6,64.7,64.7
2021-03,6.0,59.0,60.0,1.4,-0.1,-660.0,8.123,0.7000000000000001,3.1,9.8,6.9,2.7,85.6,59.1,1.1,59.6,64.7,64.7
2021-03,6.0,59.0,60.0,1.4,-0.1,-660.0,8.123,0.7000000000000001,3.1,9.8,6.9,2.7,85.6,59.7,1.1,59.6,64.7,64.7
2021-03,6.0,59.0,60.0,1.4,-0.1,-660.0,8.123,0.7000000000000001,3.1,9.8,6.9,2.7,85.6,59.1,1.1,59.6,64.7,64.7
2021-02,6.2,58.6,59.8,-2.2,0.2,-311.0,7.367,0.2,2.5,-3.0,-3.5,2.7,86.0,59.5,-0.8,54.4,60.8,60.8
2021-02,6.2,58.6,59.8,-2.2,0.2,-311.0,7.367,0.2,2.5,-3.0,-3.5,2.7,86.0,58.8,-0.8,54.4,60.8,60.8
2021-02,6.2,58.6,59.8,-2.2,0.2,-311.0,7.367,0.2,2.5,-3.0,-3.5,2.7,86.0,59.5,-0.8,54.4,60.8,60.8
2021-02,6.2,58.6,59.8,-2.2,0.2,-311.0,7.367,0.2,2.5,-3.0,-3.5,2.7,86.0,58.8,-0.8,54.4,60.8,60.8
2021-02,6.2,58.6,58.9,-2.2,0.2,-311.0,7.367,0.2,2.5,-3.0,-3.5,2.7,86.0,59.5,-0.8,54.4,60.8,60.8
2021-02,6.2,58.6,58.9,-2.2,0.2,-311.0,7.367,0.2,2.5,-3.0,-3.5,2.7,86.0,58.8,-0.8,54.4,60.8,60.8
2021-02,6.2,58.6,58.9,-2.2,0.2,-311.0,7.367,0.2,2.5,-3.0,-3.5,2.7,86.0,59.5,-0.8,54.4,60.8,60.8
2021-02,6.2,58.6,58.9,-2.2,0.2,-311.0,7.367,0.2,2.5,-3.0,-3.5,2.7,86.0,58.8,-0.8,54.4,60.8,60.8
2021-02,6.2,58.5,59.8,-2.2,0.2,-311.0,7.367,0.2,2.5,-3.0,-3.5,2.7,86.0,59.5,-0.8,54.4,60.8,60.8
2021-02,6.2,58.5,59.8,-2.2,0.2,-311.0,7.367,0.2,2.5,-3.0,-3.5,2.7,86.0,58.8,-0.8,54.4,60.8,60.8
2021-02,6.2,58.5,59.8,-2.2,0.2,-311.0,7.367,0.2,2.5,-3.0,-3.5,2.7,86.0,59.5,-0.8,54.4,60.8,60.8
2021-02,6.2,58.5,59.8,-2.2,0.2,-311.0,7.367,0.2,2.5,-3.0,-3.5,2.7,86.0,58.8,-0.8,54.4,60.8,60.8
2021-02,6.2,58.5,58.9,-2.2,0.2,-311.0,7.367,0.2,2.5,-3.0,-3.5,2.7,86.0,59.5,-0.8,54.4,60.8,60.8
2021-02,6.2,58.5,58.9,-2.2,0.2,-311.0,7.367,0.2,2.5,-3.0,-3.5,2.7,86.0,58.8,-0.8,54.4,60.8,60.8
2021-02,6.2,58.5,58.9,-2.2,0.2,-311.0,7.367,0.2,2.5,-3.0,-3.5,2.7,86.0,59.5,-0.8,54.4,60.8,60.8
2021-02,6.2,58.5,58.9,-2.2,0.2,-311.0,7.367,0.2,2.5,-3.0,-3.5,2.7,86.0,58.8,-0.8,54.4,60.8,60.8
2021-01,6.3,59.2,58.3,0.9,0.2,-163.0,6.917,1.2,2.0,5.3,6.0,2.7,82.1,58.7,2.6,52.6,58.7,58.7
2021-01,6.3,59.2,58.3,0.9,0.2,-163.0,6.917,1.2,2.0,5.3,6.0,2.7,82.1,58.0,2.6,52.6,58.7,58.7
2021-01,6.3,59.2,58.3,0.9,0.2,-163.0,6.917,1.2,2.0,5.3,6.0,2.7,82.1,58.7,2.6,52.6,58.7,58.7
2021-01,6.3,59.2,58.3,0.9,0.2,-163.0,6.917,1.2,2.0,5.3,6.0,2.7,82.1,58.0,2.6,52.6,58.7,58.7
2021-01,6.3,59.2,57.5,0.9,0.2,-163.0,6.917,1.2,2.0,5.3,6.0,2.7,82.1,58.7,2.6,52.6,58.7,58.7
2021-01,6.3,59.2,57.5,0.9,0.2,-163.0,6.917,1.2,2.0,5.3,6.0,2.7,82.1,58.0,2.6,52.6,58.7,58.7
2021-01,6.3,59.2,57.5,0.9,0.2,-163.0,6.917,1.2,2.0,5.3,6.0,2.7,82.1,58.7,2.6,52.6,58.7,58.7
2021-01,6.3,59.2,57.5,0.9,0.2,-163.0,6.917,1.2,2.0,5.3,6.0,2.7,82.1,58.0,2.6,52.6,58.7,58.7
2021-01,6.3,59.1,58.3,0.9,0.2,-163.0,6.917,1.2,2.0,5.3,6.0,2.7,82.1,58.7,2.6,52.6,58.7,58.7
2021-01,6.3,59.1,58.3,0.9,0.2,-163.0,6.917,1.2,2.0,5.3,6.0,2.7,82.1,58.0,2.6,52.6,58.7,58.7
2021-01,6.3,59.1,58.3,0.9,0.2,-163.0,6.917,1.2,2.0,5.3,6.0,2.7,82.1,58.7,2.6,52.6,58.7,58.7
2021-01,6.3,59.1,58.3,0.9,0.2,-163.0,6.917,1.2,2.0,5.3,6.0,2.7,82.1,58.0,2.6,52.6,58.7,58.7
2021-01,6.3,59.1,57.5,0.9,0.2,-163.0,6.917,1.2,2.0,5.3,6.0,2.7,82.1,58.7,2.6,52.6,58.7,58.7
2021-01,6.3,59.1,57.5,0.9,0.2,-163.0,6.917,1.2,2.0,5.3,6.0,2.7,82.1,58.0,2.6,52.6,58.7,58.7
2021-01,6.3,59.1,57.5,0.9,0.2,-163.0,6.917,1.2,2.0,5.3,6.0,2.7,82.1,58.7,2.6,52.6,58.7,58.7
2021-01,6.3,59.1,57.5,0.9,0.2,-163.0,6.917,1.2,2.0,5.3,6.0,2.7,82.1,58.0,2.6,52.6,58.7,58.7
2020-12,6.7,57.1,54.8,1.6,0.8,-144.0,6.646,0.1,1.2,-0.7000000000000001,-1.9,2.5,77.6,55.3,1.1,51.5,60.7,60.7
2020-12,6.7,57.1,54.8,1.6,0.8,-144.0,6.646,0.1,1.2,-0.7000000000000001,-1.9,2.5,77.6,55.7,1.1,51.5,60.7,60.7
2020-12,6.7,57.1,54.8,1.6,0.8,-144.0,6.646,0.1,1.2,-0.7000000000000001,-1.9,2.5,77.6,55.3,1.1,51.5,60.7,60.7
2020-12,6.7,57.1,54.8,1.6,0.8,-144.0,6.646,0.1,1.2,-0.7000000000000001,-1.9,2.5,77.6,55.7,1.1,51.5,60.7,60.7
2020-12,6.7,57.1,55.3,1.6,0.8,-144.0,6.646,0.1,1.2,-0.7000000000000001,-1.9,2.5,77.6,55.3,1.1,51.5,60.7,60.7
2020-12,6.7,57.1,55.3,1.6,0.8,-144.0,6.646,0.1,1.2,-0.7000000000000001,-1.9,2.5,77.6,55.7,1.1,51.5,60.7,60.7
2020-12,6.7,57.1,55.3,1.6,0.8,-144.0,6.646,0.1,1.2,-0.7000000000000001,-1.9,2.5,77.6,55.3,1.1,51.5,60.7,60.7
2020-12,6.7,57.1,55.3,1.6,0.8,-144.0,6.646,0.1,1.2,-0.7000000000000001,-1.9,2.5,77.6,55.7,1.1,51.5,60.7,60.7
2020-12,6.7,56.5,54.8,1.6,0.8,-144.0,6.646,0.1,1.2,-0.7000000000000001,-1.9,2.5,77.6,55.3,1.1,51.5,60.7,60.7
2020-12,6.7,56.5,54.8,1.6,0.8,-144.0,6.646,0.1,1.2,-0.7000000000000001,-1.9,2.5,77.6,55.7,1.1,51.5,60.7,60.7
2020-12,6.7,56.5,54.8,1.6,0.8,-144.0,6.646,0.1,1.2,-0.7000000000000001,-1.9,2.5,77.6,55.3,1.1,51.5,60.7,60.7
2020-12,6.7,56.5,54.8,1.6,0.8,-144.0,6.646,0.1,1.2,-0.7000000000000001,-1.9,2.5,77.6,55.7,1.1,51.5,60.7,60.7
2020-12,6.7,56.5,55.3,1.6,0.8,-144.0,6.646,0.1,1.2,-0.7000000000000001,-1.9,2.5,77.6,55.3,1.1,51.5,60.7,60.7
2020-12,6.7,56.5,55.3,1.6,0.8,-144.0,6.646,0.1,1.2,-0.7000000000000001,-1.9,2.5,77.6,55.7,1.1,51.5,60.7,60.7
2020-12,6.7,56.5,55.3,1.6,0.8,-144.0,6.646,0.1,1.2,-0.7000000000000001,-1.9,2.5,77.6,55.3,1.1,51.5,60.7,60.7
2020-12,6.7,56.5,55.3,1.6,0.8,-144.0,6.646,0.1,1.2,-0.7000000000000001,-1.9,2.5,77.6,55.7,1.1,51.5,60.7,60.7
2020-11,6.7,56.7,58.4,0.4,0.30000000000000004,-145.0,6.527,0.1,1.4,-1.1,-0.5,2.5,65.4,58.6,1.0,48.4,57.5,57.5
2020-11,6.7,56.7,58.4,0.4,0.30000000000000004,-145.0,6.527,0.1,1.4,-1.1,-0.5,2.5,65.4,57.9,1.0,48.4,57.5,57.5
2020-11,6.7,56.7,58.4,0.4,0.30000000000000004,-145.0,6.527,0.1,1.4,-1.1,-0.5,2.6,65.4,58.6,1.0,48.4,57.5,57.5
2020-11,6.7,56.7,58.4,0.4,0.30000000000000004,-145.0,6.527,0.1,1.4,-1.1,-0.5,2.6,65.4,57.9,1.0,48.4,57.5,57.5
2020-11,6.7,56.7,57.7,0.4,0.30000000000000004,-145.0,6.527,0.1,1.4,-1.1,-0.5,2.5,65.4,58.6,1.0,48.4,57.5,57.5
2020-11,6.7,56.7,57.7,0.4,0.30000000000000004,-145.0,6.527,0.1,1.4,-1.1,-0.5,2.5,65.4,57.9,1.0,48.4,57.5,57.5
2020-11,6.7,56.7,57.7,0.4,0.30000000000000004,-145.0,6.527,0.1,1.4,-1.1,-0.5,2.6,65.4,58.6,1.0,48.4,57.5,57.5
2020-11,6.7,56.7,57.7,0.4,0.30000000000000004,-145.0,6.527,0.1,1.4,-1.1,-0.5,2.6,65.4,57.9,1.0,48.4,57.5,57.5
2020-11,6.7,56.7,58.4,0.4,0.30000000000000004,-145.0,6.527,0.1,1.4,-1.1,-0.5,2.5,65.4,58.6,1.0,48.4,57.5,57.5
2020-11,6.7,56.7,58.4,0.4,0.30000000000000004,-145.0,6.527,0.1,1.4,-1.1,-0.5,2.5,65.4,57.9,1.0,48.4,57.5,57.5
2020-11,6.7,56.7,58.4,0.4,0.30000000000000004,-145.0,6.527,0.1,1.4,-1.1,-0.5,2.6,65.4,58.6,1.0,48.4,57.5,57.5
2020-11,6.7,56.7,58.4,0.4,0.30000000000000004,-145.0,6.527,0.1,1.4,-1.1,-0.5,2.6,65.4,57.9,1.0,48.4,57.5,57.5
2020-11,6.7,56.7,57.7,0.4,0.30000000000000004,-145.0,6.527,0.1,1.4,-1.1,-0.5,2.5,65.4,58.6,1.0,48.4,57.5,57.5
2020-11,6.7,56.7,57.7,0.4,0.30000000000000004,-145.0,6.527,0.1,1.4,-1.1,-0.5,2.5,65.4,57.9,1.0,48.4,57.5,57.5
2020-11,6.7,56.7,57.7,0.4,0.30000000000000004,-145.0,6.527,0.1,1.4,-1.1,-0.5,2.6,65.4,58.6,1.0,48.4,57.5,57.5
2020-11,6.7,56.7,57.7,0.4,0.30000000000000004,-145.0,6.527,0.1,1.4,-1.1,-0.5,2.6,65.4,57.9,1.0,48.4,57.5,57.5
2020-10,6.9,53.4,56.9,1.1,0.1,-284.0,6.652,0.1,1.1,0.30000000000000004,0.1,2.4,65.5,56.3,1.0,53.2,59.3,59.3
2020-10,6.9,53.4,56.9,1.1,0.1,-284.0,6.652,0.1,1.1,0.30000000000000004,0.1,2.4,65.5,55.5,1.0,53.2,59.3,59.3
2020-10,6.9,53.4,56.9,1.1,0.1,-284.0,6.652,0.1,1.1,0.30000000000000004,0.1,2.4,65.5,56.3,1.0,53.2,59.3,59.3
2020-10,6.9,53.4,56.9,1.1,0.1,-284.0,6.652,0.1,1.1,0.30000000000000004,0.1,2.4,65.5,55.5,1.0,53.2,59.3,59.3
2020-10,6.9,53.4,56.0,1.1,0.1,-284.0,6.652,0.1,1.1,0.30000000000000004,0.1,2.4,65.5,56.3,1.0,53.2,59.3,59.3
2020-10,6.9,53.4,56.0,1.1,0.1,-284.0,6.652,0.1,1.1,0.30000000000000004,0.1,2.4,65.5,55.5,1.0,53.2,59.3,59.3
2020-10,6.9,53.4,56.0,1.1,0.1,-284.0,6.652,0.1,1.1,0.30000000000000004,0.1,2.4,65.5,56.3,1.0,53.2,59.3,59.3
2020-10,6.9,53.4,56.0,1.1,0.1,-284.0,6.652,0.1,1.1,0.30000000000000004,0.1,2.4,65.5,55.5,1.0,53.2,59.3,59.3
2020-10,6.9,53.3,56.9,1.1,0.1,-284.0,6.652,0.1,1.1,0.30000000000000004,0.1,2.4,65.5,56.3,1.0,53.2,59.3,59.3
2020-10,6.9,53.3,56.9,1.1,0.1,-284.0,6.652,0.1,1.1,0.30000000000000004,0.1,2.4,65.5,55.5,1.0,53.2,59.3,59.3
2020-10,6.9,53.3,56.9,1.1,0.1,-284.0,6.652,0.1,1.1,0.30000000000000004,0.1,2.4,65.5,56.3,1.0,53.2,59.3,59.3
2020-10,6.9,53.3,56.9,1.1,0.1,-284.0,6.652,0.1,1.1,0.30000000000000004,0.1,2.4,65.5,55.5,1.0,53.2,59.3,59.3
2020-10,6.9,53.3,56.0,1.1,0.1,-284.0,6.652,0.1,1.1,0.30000000000000004,0.1,2.4,65.5,56.3,1.0,53.2,59.3,59.3
2020-10,6.9,53.3,56.0,1.1,0.1,-284.0,6.652,0.1,1.1,0.30000000000000004,0.1,2.4,65.5,55.5,1.0,53.2,59.3,59.3
2020-10,6.9,53.3,56.0,1.1,0.1,-284.0,6.652,0.1,1.1,0.30000000000000004,0.1,2.4,65.5,56.3,1.0,53.2,59.3,59.3
2020-10,6.9,53.3,56.0,1.1,0.1,-284.0,6.652,0.1,1.1,0.30000000000000004,0.1,2.4,65.5,55.5,1.0,53.2,59.3,59.3
2020-09,7.9,53.2,54.6,-0.6000000000000001,0.1,-125.0,6.436,0.4,1.2,1.9,1.4,2.7,62.8,54.3,1.1,49.6,55.4,55.4
2020-09,7.9,53.2,54.6,-0.6000000000000001,0.1,-125.0,6.436,0.4,1.2,1.9,1.4,2.7,62.8,54.4,1.1,49.6,55.4,55.4
2020-09,7.9,53.2,54.6,-0.6000000000000001,0.1,-125.0,6.436,0.4,1.2,1.9,1.4,2.6,62.8,54.3,1.1,49.6,55.4,55.4
2020-09,7.9,53.2,54.6,-0.6000000000000001,0.1,-125.0,6.436,0.4,1.2,1.9,1.4,2.6,62.8,54.4,1.1,49.6,55.4,55.4
2020-09,7.9,53.2,54.6,-0.6000000000000001,0.1,-125.0,6.436,0.4,1.2,1.9,1.4,2.7,62.8,54.3,1.1,49.6,55.4,55.4
2020-09,7.9,53.2,54.6,-0.6000000000000001,0.1,-125.0,6.436,0.4,1.2,1.9,1.4,2.7,62.8,54.4,1.1,49.6,55.4,55.4
2020-09,7.9,53.2,54.6,-0.6000000000000001,0.1,-125.0,6.436,0.4,1.2,1.9,1.4,2.6,62.8,54.3,1.1,49.6,55.4,55.4
2020-09,7.9,53.2,54.6,-0.6000000000000001,0.1,-125.0,6.436,0.4,1.2,1.9,1.4,2.6,62.8,54.4,1.1,49.6,55.4,55.4
2020-09,7.9,53.5,54.6,-0.6000000000000001,0.1,-125.0,6.436,0.4,1.2,1.9,1.4,2.7,62.8,54.3,1.1,49.6,55.4,55.4
2020-09,7.9,53.5,54.6,-0.6000000000000001,0.1,-125.0,6.436,0.4,1.2,1.9,1.4,2.7,62.8,54.4,1.1,49.6,55.4,55.4
2020-09,7.9,53.5,54.6,-0.6000000000000001,0.1,-125.0,6.436,0.4,1.2,1.9,1.4,2.6,62.8,54.3,1.1,49.6,55.4,55.4
2020-09,7.9,53.5,54.6,-0.6000000000000001,0.1,-125.0,6.436,0.4,1.2,1.9,1.4,2.6,62.8,54.4,1.1,49.6,55.4,55.4
2020-09,7.9,53.5,54.6,-0.6000000000000001,0.1,-125.0,6.436,0.4,1.2,1.9,1.4,2.7,62.8,54.3,1.1,49.6,55.4,55.4
2020-09,7.9,53.5,54.6,-0.6000000000000001,0.1,-125.0,6.436,0.4,1.2,1.9,1.4,2.7,62.8,54.4,1.1,49.6,55.4,55.4
2020-09,7.9,53.5,54.6,-0.6000000000000001,0.1,-125.0,6.436,0.4,1.2,1.9,1.4,2.6,62.8,54.3,1.1,49.6,55.4,55.4
2020-09,7.9,53.5,54.6,-0.6000000000000001,0.1,-125.0,6.436,0.4,1.2,1.9,1.4,2.6,62.8,54.4,1.1,49.6,55.4,55.4
2020-08,8.4,53.1,55.0,0.4,0.4,-200.0,6.493,0.4,0.6000000000000001,0.6000000000000001,-0.1,2.7,59.5,54.6,0.7000000000000001,46.4,56.0,56.0
2020-08,8.4,53.1,55.0,0.4,0.4,-200.0,6.493,0.4,0.6000000000000001,0.6000000000000001,-0.1,2.7,59.5,54.7,0.7000000000000001,46.4,56.0,56.0
2020-08,8.4,53.1,55.0,0.4,0.4,-200.0,6.493,0.4,0.6000000000000001,0.6000000000000001,-0.1,2.7,59.5,54.6,0.7000000000000001,46.4,56.0,56.0
2020-08,8.4,53.1,55.0,0.4,0.4,-200.0,6.493,0.4,0.6000000000000001,0.6000000000000001,-0.1,2.7,59.5,54.7,0.7000000000000001,46.4,56.0,56.0
2020-08,8.4,53.1,54.8,0.4,0.4,-200.0,6.493,0.4,0.6000000000000001,0.6000000000000001,-0.1,2.7,59.5,54.6,0.7000000000000001,46.4,56.0,56.0
2020-08,8.4,53.1,54.8,0.4,0.4,-200.0,6.493,0.4,0.6000000000000001,0.6000000000000001,-0.1,2.7,59.5,54.7,0.7000000000000001,46.4,56.0,56.0
2020-08,8.4,53.1,54.8,0.4,0.4,-200.0,6.493,0.4,0.6000000000000001,0.6000000000000001,-0.1,2.7,59.5,54.6,0.7000000000000001,46.4,56.0,56.0
2020-08,8.4,53.1,54.8,0.4,0.4,-200.0,6.493,0.4,0.6000000000000001,0.6000000000000001,-0.1,2.7,59.5,54.7,0.7000000000000001,46.4,56.0,56.0
2020-08,8.4,53.6,55.0,0.4,0.4,-200.0,6.493,0.4,0.6000000000000001,0.6000000000000001,-0.1,2.7,59.5,54.6,0.7000000000000001,46.4,56.0,56.0
2020-08,8.4,53.6,55.0,0.4,0.4,-200.0,6.493,0.4,0.6000000000000001,0.6000000000000001,-0.1,2.7,59.5,54.7,0.7000000000000001,46.4,56.0,56.0
2020-08,8.4,53.6,55.0,0.4,0.4,-200.0,6.493,0.4,0.6000000000000001,0.6000000000000001,-0.1,2.7,59.5,54.6,0.7000000000000001,46.4,56.0,56.0
2020-08,8.4,53.6,55.0,0.4,0.4,-200.0,6.493,0.4,0.6000000000000001,0.6000000000000001,-0.1,2.7,59.5,54.7,0.7000000000000001,46.4,56.0,56.0
2020-08,8.4,53.6,54.8,0.4,0.4,-200.0,6.493,0.4,0.6000000000000001,0.6000000000000001,-0.1,2.7,59.5,54.6,0.7000000000000001,46.4,56.0,56.0
2020-08,8.4,53.6,54.8,0.4,0.4,-200.0,6.493,0.4,0.6000000000000001,0.6000000000000001,-0.1,2.7,59.5,54.7,0.7000000000000001,46.4,56.0,56.0
2020-08,8.4,53.6,54.8,0.4,0.4,-200.0,6.493,0.4,0.6000000000000001,0.6000000000000001,-0.1,2.7,59.5,54.6,0.7000000000000001,46.4,56.0,56.0
2020-08,8.4,53.6,54.8,0.4,0.4,-200.0,6.493,0.4,0.6000000000000001,0.6000000000000001,-0.1,2.7,59.5,54.7,0.7000000000000001,46.4,56.0,56.0
2020-07,10.2,50.9,50.0,3.0,0.2,-63.0,6.618,0.5,0.30000000000000004,1.2,1.4,2.6,53.2,50.3,6.4,44.3,54.2,54.2
2020-07,10.2,50.9,50.0,3.0,0.2,-63.0,6.618,0.5,0.30000000000000004,1.2,1.4,2.6,53.2,50.0,6.4,44.3,54.2,54.2
2020-07,10.2,50.9,50.0,3.0,0.2,-63.0,6.618,0.5,0.30000000000000004,1.2,1.4,2.7,53.2,50.3,6.4,44.3,54.2,54.2
2020-07,10.2,50.9,50.0,3.0,0.2,-63.0,6.618,0.5,0.30000000000000004,1.2,1.4,2.7,53.2,50.0,6.4,44.3,54.2,54.2
2020-07,10.2,50.9,49.6,3.0,0.2,-63.0,6.618,0.5,0.30000000000000004,1.2,1.4,2.6,53.2,50.3,6.4,44.3,54.2,54.2
2020-07,10.2,50.9,49.6,3.0,0.2,-63.0,6.618,0.5,0.30000000000000004,1.2,1.4,2.6,53.2,50.0,6.4,44.3,54.2,54.2
2020-07,10.2,50.9,49.6,3.0,0.2,-63.0,6.618,0.5,0.30000000000000004,1.2,1.4,2.7,53.2,50.3,6.4,44.3,54.2,54.2
2020-07,10.2,50.9,49.6,3.0,0.2,-63.0,6.618,0.5,0.30000000000000004,1.2,1.4,2.7,53.2,50.0,6.4,44.3,54.2,54.2
2020-07,10.2,51.3,50.0,3.0,0.2,-63.0,6.618,0.5,0.30000000000000004,1.2,1.4,2.6,53.2,50.3,6.4,44.3,54.2,54.2
2020-07,10.2,51.3,50.0,3.0,0.2,-63.0,6.618,0.5,0.30000000000000004,1.2,1.4,2.6,53.2,50.0,6.4,44.3,54.2,54.2
2020-07,10.2,51.3,50.0,3.0,0.2,-63.0,6.618,0.5,0.30000000000000004,1.2,1.4,2.7,53.2,50.3,6.4,44.3,54.2,54.2
2020-07,10.2,51.3,50.0,3.0,0.2,-63.0,6.618,0.5,0.30000000000000004,1.2,1.4,2.7,53.2,50.0,6.4,44.3,54.2,54.2
2020-07,10.2,51.3,49.6,3.0,0.2,-63.0,6.618,0.5,0.30000000000000004,1.2,1.4,2.6,53.2,50.3,6.4,44.3,54.2,54.2
2020-07,10.2,51.3,49.6,3.0,0.2,-63.0,6.618,0.5,0.30000000000000004,1.2,1.4,2.6,53.2,50.0,6.4,44.3,54.2,54.2
2020-07,10.2,51.3,49.6,3.0,0.2,-63.0,6.618,0.5,0.30000000000000004,1.2,1.4,2.7,53.2,50.3,6.4,44.3,54.2,54.2
2020-07,10.2,51.3,49.6,3.0,0.2,-63.0,6.618,0.5,0.30000000000000004,1.2,1.4,2.7,53.2,50.0,6.4,44.3,54.2,54.2
2020-06,11.1,49.8,47.9,5.4,-1.2,-864.0,5.889,-0.30000000000000004,0.1,7.5,5.6,2.5,51.3,47.9,6.2,42.1,52.6,52.6
2020-06,11.1,49.8,47.9,5.4,-1.2,-864.0,5.889,-0.30000000000000004,0.1,7.5,5.6,2.5,51.3,46.8,6.2,42.1,52.6,52.6
2020-06,11.1,49.8,47.9,5.4,-1.2,-864.0,5.889,-0.30000000000000004,0.1,7.5,5.6,2.6,51.3,47.9,6.2,42.1,52.6,52.6
2020-06,11.1,49.8,47.9,5.4,-1.2,-864.0,5.889,-0.30000000000000004,0.1,7.5,5.6,2.6,51.3,46.8,6.2,42.1,52.6,52.6
2020-06,11.1,49.8,46.7,5.4,-1.2,-864.0,5.889,-0.30000000000000004,0.1,7.5,5.6,2.5,51.3,47.9,6.2,42.1,52.6,52.6
2020-06,11.1,49.8,46.7,5.4,-1.2,-864.0,5.889,-0.30000000000000004,0.1,7.5,5.6,2.5,51.3,46.8,6.2,42.1,52.6,52.6
2020-06,11.1,49.8,46.7,5.4,-1.2,-864.0,5.889,-0.30000000000000004,0.1,7.5,5.6,2.6,51.3,47.9,6.2,42.1,52.6,52.6
2020-06,11.1,49.8,46.7,5.4,-1.2,-864.0,5.889,-0.30000000000000004,0.1,7.5,5.6,2.6,51.3,46.8,6.2,42.1,52.6,52.6
2020-06,11.1,49.6,47.9,5.4,-1.2,-864.0,5.889,-0.30000000000000004,0.1,7.5,5.6,2.5,51.3,47.9,6.2,42.1,52.6,52.6
2020-06,11.1,49.6,47.9,5.4,-1.2,-864.0,5.889,-0.30000000000000004,0.1,7.5,5.6,2.5,51.3,46.8,6.2,42.1,52.6,52.6
2020-06,11.1,49.6,47.9,5.4,-1.2,-864.0,5.889,-0.30000000000000004,0.1,7.5,5.6,2.6,51.3,47.9,6.2,42.1,52.6,52.6
2020-06,11.1,49.6,47.9,5.4,-1.2,-864.0,5.889,-0.30000000000000004,0.1,7.5,5.6,2.6,51.3,46.8,6.2,42.1,52.6,52.6
2020-06,11.1,49.6,46.7,5.4,-1.2,-864.0,5.889,-0.30000000000000004,0.1,7.5,5.6,2.5,51.3,47.9,6.2,42.1,52.6,52.6
2020-06,11.1,49.6,46.7,5.4,-1.2,-864.0,5.889,-0.30000000000000004,0.1,7.5,5.6,2.5,51.3,46.8,6.2,42.1,52.6,52.6
2020-06,11.1,49.6,46.7,5.4,-1.2,-864.0,5.889,-0.30000000000000004,0.1,7.5,5.6,2.6,51.3,47.9,6.2,42.1,52.6,52.6
2020-06,11.1,49.6,46.7,5.4,-1.2,-864.0,5.889,-0.30000000000000004,0.1,7.5,5.6,2.6,51.3,46.8,6.2,42.1,52.6,52.6
2020-05,13.3,39.8,37.5,1.4,-1.0,-399.0,5.397,-0.1,0.30000000000000004,17.7,11.0,2.7,40.8,37.0,8.0,32.1,43.1,43.1
2020-05,13.3,39.8,37.5,1.4,-1.0,-399.0,5.397,-0.1,0.30000000000000004,17.7,11.0,2.7,40.8,36.4,8.0,32.1,43.1,43.1
2020-05,13.3,39.8,37.5,1.4,-1.0,-399.0,5.397,-0.1,0.30000000000000004,17.7,11.0,2.6,40.8,37.0,8.0,32.1,43.1,43.1
2020-05,13.3,39.8,37.5,1.4,-1.0,-399.0,5.397,-0.1,0.30000000000000004,17.7,11.0,2.6,40.8,36.4,8.0,32.1,43.1,43.1
2020-05,13.3,39.8,36.9,1.4,-1.0,-399.0,5.397,-0.1,0.30000000000000004,17.7,11.0,2.7,40.8,37.0,8.0,32.1,43.1,43.1
2020-05,13.3,39.8,36.9,1.4,-1.0,-399.0,5.397,-0.1,0.30000000000000004,17.7,11.0,2.7,40.8,36.4,8.0,32.1,43.1,43.1
2020-05,13.3,39.8,36.9,1.4,-1.0,-399.0,5.397,-0.1,0.30000000000000004,17.7,11.0,2.6,40.8,37.0,8.0,32.1,43.1,43.1
2020-05,13.3,39.8,36.9,1.4,-1.0,-399.0,5.397,-0.1,0.30000000000000004,17.7,11.0,2.6,40.8,36.4,8.0,32.1,43.1,43.1
2020-05,13.3,39.8,37.5,1.4,-1.0,-399.0,5.397,-0.1,0.30000000000000004,17.7,11.0,2.7,40.8,37.0,8.0,32.1,43.1,43.1
2020-05,13.3,39.8,37.5,1.4,-1.0,-399.0,5.397,-0.1,0.30000000000000004,17.7,11.0,2.7,40.8,36.4,8.0,32.1,43.1,43.1
2020-05,13.3,39.8,37.5,1.4,-1.0,-399.0,5.397,-0.1,0.30000000000000004,17.7,11.0,2.6,40.8,37.0,8.0,32.1,43.1,43.1
2020-05,13.3,39.8,37.5,1.4,-1.0,-399.0,5.397,-0.1,0.30000000000000004,17.7,11.0,2.6,40.8,36.4,8.0,32.1,43.1,43.1
2020-05,13.3,39.8,36.9,1.4,-1.0,-399.0,5.397,-0.1,0.30000000000000004,17.7,11.0,2.7,40.8,37.0,8.0,32.1,43.1,43.1
2020-05,13.3,39.8,36.9,1.4,-1.0,-399.0,5.397,-0.1,0.30000000000000004,17.7,11.0,2.7,40.8,36.4,8.0,32.1,43.1,43.1
2020-05,13.3,39.8,36.9,1.4,-1.0,-399.0,5.397,-0.1,0.30000000000000004,17.7,11.0,2.6,40.8,37.0,8.0,32.1,43.1,43.1
2020-05,13.3,39.8,36.9,1.4,-1.0,-399.0,5.397,-0.1,0.30000000000000004,17.7,11.0,2.6,40.8,36.4,8.0,32.1,43.1,43.1
2020-04,14.7,36.1,26.7,-11.2,4.7,-738.0,5.046,-0.30000000000000004,0.6000000000000001,-16.4,-15.3,2.5,35.3,27.0,-13.0,27.5,41.5,41.5
2020-04,14.7,36.1,26.7,-11.2,4.7,-738.0,5.046,-0.30000000000000004,0.6000000000000001,-16.4,-15.3,2.5,35.3,27.4,-13.0,27.5,41.5,41.5
2020-04,14.7,36.1,26.7,-11.2,4.7,-738.0,5.046,-0.30000000000000004,0.6000000000000001,-16.4,-15.3,2.5,35.3,27.0,-13.0,27.5,41.5,41.5
2020-04,14.7,36.1,26.7,-11.2,4.7,-738.0,5.046,-0.30000000000000004,0.6000000000000001,-16.4,-15.3,2.5,35.3,27.4,-13.0,27.5,41.5,41.5
2020-04,14.7,36.1,27.0,-11.2,4.7,-738.0,5.046,-0.30000000000000004,0.6000000000000001,-16.4,-15.3,2.5,35.3,27.0,-13.0,27.5,41.5,41.5
2020-04,14.7,36.1,27.0,-11.2,4.7,-738.0,5.046,-0.30000000000000004,0.6000000000000001,-16.4,-15.3,2.5,35.3,27.4,-13.0,27.5,41.5,41.5
2020-04,14.7,36.1,27.0,-11.2,4.7,-738.0,5.046,-0.30000000000000004,0.6000000000000001,-16.4,-15.3,2.5,35.3,27.0,-13.0,27.5,41.5,41.5
2020-04,14.7,36.1,27.0,-11.2,4.7,-738.0,5.046,-0.30000000000000004,0.6000000000000001,-16.4,-15.3,2.5,35.3,27.4,-13.0,27.5,41.5,41.5
2020-04,14.7,36.9,26.7,-11.2,4.7,-738.0,5.046,-0.30000000000000004,0.6000000000000001,-16.4,-15.3,2.5,35.3,27.0,-13.0,27.5,41.5,41.5
2020-04,14.7,36.9,26.7,-11.2,4.7,-738.0,5.046,-0.30000000000000004,0.6000000000000001,-16.4,-15.3,2.5,35.3,27.4,-13.0,27.5,41.5,41.5
2020-04,14.7,36.9,26.7,-11.2,4.7,-738.0,5.046,-0.30000000000000004,0.6000000000000001,-16.4,-15.3,2.5,35.3,27.0,-13.0,27.5,41.5,41.5
2020-04,14.7,36.9,26.7,-11.2,4.7,-738.0,5.046,-0.30000000000000004,0.6000000000000001,-16.4,-15.3,2.5,35.3,27.4,-13.0,27.5,41.5,41.5
2020-04,14.7,36.9,27.0,-11.2,4.7,-738.0,5.046,-0.30000000000000004,0.6000000000000001,-16.4,-15.3,2.5,35.3,27.0,-13.0,27.5,41.5,41.5
2020-04,14.7,36.9,27.0,-11.2,4.7,-738.0,5.046,-0.30000000000000004,0.6000000000000001,-16.4,-15.3,2.5,35.3,27.4,-13.0,27.5,41.5,41.5
2020-04,14.7,36.9,27.0,-11.2,4.7,-738.0,5.046,-0.30000000000000004,0.6000000000000001,-16.4,-15.3,2.5,35.3,27.0,-13.0,27.5,41.5,41.5
2020-04,14.7,36.9,27.0,-11.2,4.7,-738.0,5.046,-0.30000000000000004,0.6000000000000001,-16.4,-15.3,2.5,35.3,27.4,-13.0,27.5,41.5,41.5
2020-03,4.4,48.5,39.8,-5.4,0.4,-119.0,6.191,0.2,1.4,-8.7,1.7000000000000002,2.2,37.4,40.9,-10.3,43.8,49.1,49.1
2020-03,4.4,48.5,39.8,-5.4,0.4,-119.0,6.191,0.2,1.4,-8.7,1.7000000000000002,2.2,37.4,40.5,-10.3,43.8,49.1,49.1
2020-03,4.4,48.5,39.8,-5.4,0.4,-119.0,6.191,0.2,1.4,-8.7,1.7000000000000002,2.3,37.4,40.9,-10.3,43.8,49.1,49.1
2020-03,4.4,48.5,39.8,-5.4,0.4,-119.0,6.191,0.2,1.4,-8.7,1.7000000000000002,2.3,37.4,40.5,-10.3,43.8,49.1,49.1
2020-03,4.4,48.5,39.1,-5.4,0.4,-119.0,6.191,0.2,1.4,-8.7,1.7000000000000002,2.2,37.4,40.9,-10.3,43.8,49.1,49.1
2020-03,4.4,48.5,39.1,-5.4,0.4,-119.0,6.191,0.2,1.4,-8.7,1.7000000000000002,2.2,37.4,40.5,-10.3,43.8,49.1,49.1
2020-03,4.4,48.5,39.1,-5.4,0.4,-119.0,6.191,0.2,1.4,-8.7,1.7000000000000002,2.3,37.4,40.9,-10.3,43.8,49.1,49.1
2020-03,4.4,48.5,39.1,-5.4,0.4,-119.0,6.191,0.2,1.4,-8.7,1.7000000000000002,2.3,37.4,40.5,-10.3,43.8,49.1,49.1
2020-03,4.4,49.2,39.8,-5.4,0.4,-119.0,6.191,0.2,1.4,-8.7,1.7000000000000002,2.2,37.4,40.9,-10.3,43.8,49.1,49.1
2020-03,4.4,49.2,39.8,-5.4,0.4,-119.0,6.191,0.2,1.4,-8.7,1.7000000000000002,2.2,37.4,40.5,-10.3,43.8,49.1,49.1
2020-03,4.4,49.2,39.8,-5.4,0.4,-119.0,6.191,0.2,1.4,-8.7,1.7000000000000002,2.3,37.4,40.9,-10.3,43.8,49.1,49.1
2020-03,4.4,49.2,39.8,-5.4,0.4,-119.0,6.191,0.2,1.4,-8.7,1.7000000000000002,2.3,37.4,40.5,-10.3,43.8,49.1,49.1
2020-03,4.4,49.2,39.1,-5.4,0.4,-119.0,6.191,0.2,1.4,-8.7,1.7000000000000002,2.2,37.4,40.9,-10.3,43.8,49.1,49.1
2020-03,4.4,49.2,39.1,-5.4,0.4,-119.0,6.191,0.2,1.4,-8.7,1.7000000000000002,2.2,37.4,40.5,-10.3,43.8,49.1,49.1
2020-03,4.4,49.2,39.1,-5.4,0.4,-119.0,6.191,0.2,1.4,-8.7,1.7000000000000002,2.3,37.4,40.9,-10.3,43.8,49.1,49.1
2020-03,4.4,49.2,39.1,-5.4,0.4,-119.0,6.191,0.2,1.4,-8.7,1.7000000000000002,2.3,37.4,40.5,-10.3,43.8,49.1,49.1
2020-02,3.5,50.7,49.4,0.6000000000000001,0.30000000000000004,-235.0,6.882,-0.30000000000000004,1.4,-0.5,0.0,2.3,45.9,49.6,0.0,46.9,50.1,50.1
2020-02,3.5,50.7,49.4,0.6000000000000001,0.30000000000000004,-235.0,6.882,-0.30000000000000004,1.4,-0.5,0.0,2.3,45.9,49.6,0.0,46.9,50.1,50.1
2020-02,3.5,50.7,49.4,0.6000000000000001,0.30000000000000004,-235.0,6.882,-0.30000000000000004,1.4,-0.5,0.0,2.3,45.9,49.6,0.0,46.9,50.1,50.1
2020-02,3.5,50.7,49.4,0.6000000000000001,0.30000000000000004,-235.0,6.882,-0.30000000000000004,1.4,-0.5,0.0,2.3,45.9,49.6,0.0,46.9,50.1,50.1
2020-02,3.5,50.7,49.4,0.6000000000000001,0.30000000000000004,-235.0,6.882,-0.30000000000000004,1.4,-0.5,0.0,2.3,45.9,49.6,0.0,46.9,50.1,50.1
2020-02,3.5,50.7,49.4,0.6000000000000001,0.30000000000000004,-235.0,6.882,-0.30000000000000004,1.4,-0.5,0.0,2.3,45.9,49.6,0.0,46.9,50.1,50.1
2020-02,3.5,50.7,49.4,0.6000000000000001,0.30000000000000004,-235.0,6.882,-0.30000000000000004,1.4,-0.5,0.0,2.3,45.9,49.6,0.0,46.9,50.1,50.1
2020-02,3.5,50.7,49.4,0.6000000000000001,0.30000000000000004,-235.0,6.882,-0.30000000000000004,1.4,-0.5,0.0,2.3,45.9,49.6,0.0,46.9,50.1,50.1
2020-02,3.5,50.8,49.4,0.6000000000000001,0.30000000000000004,-235.0,6.882,-0.30000000000000004,1.4,-0.5,0.0,2.3,45.9,49.6,0.0,46.9,50.1,50.1
2020-02,3.5,50.8,49.4,0.6000000000000001,0.30000000000000004,-235.0,6.882,-0.30000000000000004,1.4,-0.5,0.0,2.3,45.9,49.6,0.0,46.9,50.1,50.1
2020-02,3.5,50.8,49.4,0.6000000000000001,0.30000000000000004,-235.0,6.882,-0.30000000000000004,1.4,-0.5,0.0,2.3,45.9,49.6,0.0,46.9,50.1,50.1
2020-02,3.5,50.8,49.4,0.6000000000000001,0.30000000000000004,-235.0,6.882,-0.30000000000000004,1.4,-0.5,0.0,2.3,45.9,49.6,0.0,46.9,50.1,50.1
2020-02,3.5,50.8,49.4,0.6000000000000001,0.30000000000000004,-235.0,6.882,-0.30000000000000004,1.4,-0.5,0.0,2.3,45.9,49.6,0.0,46.9,50.1,50.1
2020-02,3.5,50.8,49.4,0.6000000000000001,0.30000000000000004,-235.0,6.882,-0.30000000000000004,1.4,-0.5,0.0,2.3,45.9,49.6,0.0,46.9,50.1,50.1
2020-02,3.5,50.8,49.4,0.6000000000000001,0.30000000000000004,-235.0,6.882,-0.30000000000000004,1.4,-0.5,0.0,2.3,45.9,49.6,0.0,46.9,50.1,50.1
2020-02,3.5,50.8,49.4,0.6000000000000001,0.30000000000000004,-235.0,6.882,-0.30000000000000004,1.4,-0.5,0.0,2.3,45.9,49.6,0.0,46.9,50.1,50.1
2019-12,3.5,52.4,52.8,-0.30000000000000004,0.1,-13.3,6.423,0.1,1.1,0.30000000000000004,0.5,2.2,51.7,52.7,1.8,45.1,47.2,47.2
2019-12,3.5,52.4,52.8,-0.30000000000000004,0.1,-13.3,6.423,0.1,1.1,0.30000000000000004,0.5,2.2,51.7,52.2,1.8,45.1,47.2,47.2
2019-12,3.5,52.4,52.8,-0.30000000000000004,0.1,-13.3,6.423,0.1,1.1,0.30000000000000004,0.5,2.3,51.7,52.7,1.8,45.1,47.2,47.2
2019-12,3.5,52.4,52.8,-0.30000000000000004,0.1,-13.3,6.423,0.1,1.1,0.30000000000000004,0.5,2.3,51.7,52.2,1.8,45.1,47.2,47.2
2019-12,3.5,52.4,52.2,-0.30000000000000004,0.1,-13.3,6.423,0.1,1.1,0.30000000000000004,0.5,2.2,51.7,52.7,1.8,45.1,47.2,47.2
2019-12,3.5,52.4,52.2,-0.30000000000000004,0.1,-13.3,6.423,0.1,1.1,0.30000000000000004,0.5,2.2,51.7,52.2,1.8,45.1,47.2,47.2
2019-12,3.5,52.4,52.2,-0.30000000000000004,0.1,-13.3,6.423,0.1,1.1,0.30000000000000004,0.5,2.3,51.7,52.7,1.8,45.1,47.2,47.2
2019-12,3.5,52.4,52.2,-0.30000000000000004,0.1,-13.3,6.423,0.1,1.1,0.30000000000000004,0.5,2.3,51.7,52.2,1.8,45.1,47.2,47.2
2019-12,3.5,52.5,52.8,-0.30000000000000004,0.1,-13.3,6.423,0.1,1.1,0.30000000000000004,0.5,2.2,51.7,52.7,1.8,45.1,47.2,47.2
2019-12,3.5,52.5,52.8,-0.30000000000000004,0.1,-13.3,6.423,0.1,1.1,0.30000000000000004,0.5,2.2,51.7,52.2,1.8,45.1,47.2,47.2
2019-12,3.5,52.5,52.8,-0.30000000000000004,0.1,-13.3,6.423,0.1,1.1,0.30000000000000004,0.5,2.3,51.7,52.7,1.8,45.1,47.2,47.2
2019-12,3.5,52.5,52.8,-0.30000000000000004,0.1,-13.3,6.423,0.1,1.1,0.30000000000000004,0.5,2.3,51.7,52.2,1.8,45.1,47.2,47.2
2019-12,3.5,52.5,52.2,-0.30000000000000004,0.1,-13.3,6.423,0.1,1.1,0.30000000000000004,0.5,2.2,51.7,52.7,1.8,45.1,47.2,47.2
2019-12,3.5,52.5,52.2,-0.30000000000000004,0.1,-13.3,6.423,0.1,1.1,0.30000000000000004,0.5,2.2,51.7,52.2,1.8,45.1,47.2,47.2
2019-12,3.5,52.5,52.2,-0.30000000000000004,0.1,-13.3,6.423,0.1,1.1,0.30000000000000004,0.5,2.3,51.7,52.7,1.8,45.1,47.2,47.2
2019-12,3.5,52.5,52.2,-0.30000000000000004,0.1,-13.3,6.423,0.1,1.1,0.30000000000000004,0.5,2.3,51.7,52.2,1.8,45.1,47.2,47.2
